Control ID,User-visible name,Command ID,Keyboard shortcut,Panel,Group,Required selection/context,Build 40 enabled condition,Input parameters,Engine/desktop method,Semantic score mutation,Undo/redo transaction,Layout invalidation,Playback impact,Save/reopen behaviour,Staff/Sol-fa synchronization,Part synchronization,Import/export implication,Success/failure feedback,Automated test evidence,Manual verification evidence,Build 40 status,Build 41 production visibility,Scheduled corrective build,Evidence/reason,Build 42 status,Build 42 production visibility,Build 42 enabled condition,Build 42 automated evidence,Build 42 manual/visual evidence,Build 43 status,Build 43 production visibility,Build 43 enabled condition,Build 43 automated evidence,Build 43 manual/visual evidence,Build 50 status,Build 50 production visibility,Build 50 execution path,Build 50 automated evidence,Build 50 release evidence,Current status,Production visibility,Execution path,Automated evidence,Release evidence
data-command:accent,Accent,accent,,notation,ARTICULATIONS AND EXPRESSION,selected-note,Always enabled in markup; no central command-context contract,None,"engine.setArticulation('accent', true)",Adds a persistent accent articulation to selected notes,One Composer engine commit; tested undo/redo where applicable,Score mutation triggers staff/page rerender,Must remain synchronized where semantic music changes,Persisted in .airscore; MusicXML verified where applicable,Uses authoritative score events; no parallel UI-only model,Active-part operation or shared score; linked-part proof incomplete,Serialized to .airscore and MusicXML where supported,Context-gated; recoverable musical errors leave score unchanged,engine-method references in tests: 2,No complete manual staff-workflow proof in current environment,PARTIALLY FUNCTIONAL,HIDDEN,43,"Build 43 connects this control to the authoritative score model with undo, persistence, staff rendering and automated regression evidence; Windows/manual usability evidence remains required.",PARTIALLY FUNCTIONAL,HIDDEN,selection,engine-method references in tests: 2,No new human Windows verification in Build 42,VERIFIED FUNCTIONAL,VISIBLE,selected-note,test/v123-build43-rhythmic-notation.test.js; existing notation tests,Browser-rendered validation only; no human Windows verification,VERIFIED FUNCTIONAL,VISIBLE WHEN CONTEXT SATISFIED,execute('accent'),test/build50-functional-release-candidate.test.js; validation/browser-smoke.json; scripts/build50-control-audit.js,"Source, engine mutation, context gating and browser control wiring verified; hardware/manual boundary recorded separately",VERIFIED FUNCTIONAL,VISIBLE WHEN CONTEXT SATISFIED,execute('accent'),test/build60-*.test.js; validation/browser-smoke.json; scripts/release-control-audit.js,"Source, semantic mutation, context gating and browser control wiring verified; external hardware evidence is recorded separately"
data-command:addChordSymbol,Add symbol,addChordSymbol,,notation,HARMONY AND CHORDS,selection,Always enabled in markup; no central command-context contract,chordSymbolInput,engine.addChordSymbol,Engine operation: addChordSymbol,Expected through engine commit/history; command-level proof required,Engine change triggers full render; direct viewport commands reflow page service,Must remain synchronized where semantic music changes,Expected through authoritative score serialization; command-level round-trip proof required,Indirect through authoritative score where applicable,Active-part operation or shared score; linked-part proof incomplete,Must serialize semantic result,Status/error banner; context-sensitive disabling absent in Build 40,static wiring only,No complete manual staff-workflow proof in current environment,PARTIALLY FUNCTIONAL,HIDDEN,43,"A renderer or engine path exists, but complete staff interaction, context gating, visual proof, persistence, and real-user evidence are incomplete.",PARTIALLY FUNCTIONAL,HIDDEN,selection,static wiring only,No new human Windows verification in Build 42,PARTIALLY FUNCTIONAL,HIDDEN,selection,static wiring only,Browser-rendered validation only; no human Windows verification,VERIFIED FUNCTIONAL,VISIBLE WHEN CONTEXT SATISFIED,execute('addChordSymbol'),test/build50-functional-release-candidate.test.js; validation/browser-smoke.json; scripts/build50-control-audit.js,"Source, engine mutation, context gating and browser control wiring verified; hardware/manual boundary recorded separately",VERIFIED FUNCTIONAL,VISIBLE WHEN CONTEXT SATISFIED,execute('addChordSymbol'),test/build60-*.test.js; validation/browser-smoke.json; scripts/release-control-audit.js,"Source, semantic mutation, context gating and browser control wiring verified; external hardware evidence is recorded separately"
data-command:addChordTone,Add chord tone,addChordTone,,notation,NOTE ENTRY,note-entry-anchor,Always enabled in markup; no central command-context contract,None,engine.addChordTone,Add simultaneous note to chord,Expected through engine commit/history; command-level proof required,Engine change triggers full render; direct viewport commands reflow page service,Must remain synchronized where semantic music changes,Expected through authoritative score serialization; command-level round-trip proof required,Should update shared score; user-facing proof incomplete,Active-part operation or shared score; linked-part proof incomplete,Must serialize semantic result,Status/error banner; context-sensitive disabling absent in Build 40,engine-method references in tests: 6,User recording confirms failure,BROKEN,HIDDEN,42,"Chord tones use the selected note or last note-entry anchor, preserve the onset and duration, reject duplicates, and continue safely across barlines.",VERIFIED FUNCTIONAL,VISIBLE,note-entry-anchor,test/v122-build42-staff-input.test.js; browser-smoke Build 42 keypad checks,Rendered Build 42 staff screenshot and browser interaction report; human Windows verification pending,VERIFIED FUNCTIONAL,VISIBLE,note-entry-anchor,test/v122-build42-staff-input.test.js; browser-smoke Build 42 keypad checks,Browser-rendered validation only; no human Windows verification,VERIFIED FUNCTIONAL,VISIBLE WHEN CONTEXT SATISFIED,execute('addChordTone'),test/build50-functional-release-candidate.test.js; validation/browser-smoke.json; scripts/build50-control-audit.js,"Source, engine mutation, context gating and browser control wiring verified; hardware/manual boundary recorded separately",VERIFIED FUNCTIONAL,VISIBLE WHEN CONTEXT SATISFIED,execute('addChordTone'),test/build60-*.test.js; validation/browser-smoke.json; scripts/release-control-audit.js,"Source, semantic mutation, context gating and browser control wiring verified; external hardware evidence is recorded separately"
data-command:addFifth,Add fifth,addFifth,,notation,NOTE ENTRY,selected-note,Always enabled in markup; no central command-context contract,None,engine.addIntervalToChord,Add chord interval,Expected through engine commit/history; command-level proof required,Engine change triggers full render; direct viewport commands reflow page service,Must remain synchronized where semantic music changes,Expected through authoritative score serialization; command-level round-trip proof required,Should update shared score; user-facing proof incomplete,Active-part operation or shared score; linked-part proof incomplete,Must serialize semantic result,Status/error banner; context-sensitive disabling absent in Build 40,engine-method references in tests: 2,No complete manual staff-workflow proof in current environment,PARTIALLY FUNCTIONAL,HIDDEN,42,"Adds a real fifth to the selected semantic chord and preserves selection, save, playback, and undo behavior.",VERIFIED FUNCTIONAL,VISIBLE,selected-note,test/v122-build42-staff-input.test.js; browser-smoke Build 42 keypad checks,Rendered Build 42 staff screenshot and browser interaction report; human Windows verification pending,VERIFIED FUNCTIONAL,VISIBLE,selected-note,test/v122-build42-staff-input.test.js; browser-smoke Build 42 keypad checks,Browser-rendered validation only; no human Windows verification,VERIFIED FUNCTIONAL,VISIBLE WHEN CONTEXT SATISFIED,execute('addFifth'),test/build50-functional-release-candidate.test.js; validation/browser-smoke.json; scripts/build50-control-audit.js,"Source, engine mutation, context gating and browser control wiring verified; hardware/manual boundary recorded separately",VERIFIED FUNCTIONAL,VISIBLE WHEN CONTEXT SATISFIED,execute('addFifth'),test/build60-*.test.js; validation/browser-smoke.json; scripts/release-control-audit.js,"Source, semantic mutation, context gating and browser control wiring verified; external hardware evidence is recorded separately"
data-command:addNote,Add note,addNote,,notation,NOTE ENTRY,active-part,Always enabled in markup; no central command-context contract,None,engine.addNote,Add note event,Expected through engine commit/history; command-level proof required,Engine change triggers full render; direct viewport commands reflow page service,Must remain synchronized where semantic music changes,Expected through authoritative score serialization; command-level round-trip proof required,Should update shared score; user-facing proof incomplete,Active-part operation or shared score; linked-part proof incomplete,Must serialize semantic result,Status/error banner; context-sensitive disabling absent in Build 40,browser-smoke command; engine-method references in tests: 162,User recording confirms failure,BROKEN,HIDDEN,42,"Direct staff, keypad, and computer-keyboard pitch entry uses the authoritative score model, one undo transaction, visible caret advancement, and automatic tied continuation across barlines.",VERIFIED FUNCTIONAL,VISIBLE,active-part,test/v122-build42-staff-input.test.js; browser-smoke Build 42 keypad checks,Rendered Build 42 staff screenshot and browser interaction report; human Windows verification pending,VERIFIED FUNCTIONAL,VISIBLE,active-part,test/v122-build42-staff-input.test.js; browser-smoke Build 42 keypad checks,Browser-rendered validation only; no human Windows verification,VERIFIED FUNCTIONAL,VISIBLE WHEN CONTEXT SATISFIED,execute('addNote'),test/build50-functional-release-candidate.test.js; validation/browser-smoke.json; scripts/build50-control-audit.js,"Source, engine mutation, context gating and browser control wiring verified; hardware/manual boundary recorded separately",VERIFIED FUNCTIONAL,VISIBLE WHEN CONTEXT SATISFIED,execute('addNote'),test/build60-*.test.js; validation/browser-smoke.json; scripts/release-control-audit.js,"Source, semantic mutation, context gating and browser control wiring verified; external hardware evidence is recorded separately"
data-command:addPageText,Add page text,addPageText,,publish,LAYOUT AND PAGES,score,Always enabled in markup; no central command-context contract,pageTextPage; pageTextValue,engine.addAnnotation; engine.setAnnotationLayout,Add page-scoped annotation,Expected through engine commit/history; command-level proof required,Engine change triggers full render; direct viewport commands reflow page service,Must remain synchronized where semantic music changes,Expected through authoritative score serialization; command-level round-trip proof required,Indirect through authoritative score where applicable,Not applicable or covered by existing engine path,Must serialize semantic result,Status/error banner; context-sensitive disabling absent in Build 40,browser-smoke command; engine-method references in tests: 15,No complete manual staff-workflow proof in current environment,VERIFIED FUNCTIONAL,VISIBLE,41,Direct renderer or engine path has automated evidence; final Windows/manual usability evidence is still required.,VERIFIED FUNCTIONAL,VISIBLE,score,browser-smoke command; engine-method references in tests: 15,No new human Windows verification in Build 42,VERIFIED FUNCTIONAL,VISIBLE,score,browser-smoke command; engine-method references in tests: 15,Browser-rendered validation only; no human Windows verification,VERIFIED FUNCTIONAL,VISIBLE WHEN CONTEXT SATISFIED,execute('addPageText'),test/build50-functional-release-candidate.test.js; validation/browser-smoke.json; scripts/build50-control-audit.js,"Source, engine mutation, context gating and browser control wiring verified; hardware/manual boundary recorded separately",VERIFIED FUNCTIONAL,VISIBLE WHEN CONTEXT SATISFIED,execute('addPageText'),test/build60-*.test.js; validation/browser-smoke.json; scripts/release-control-audit.js,"Source, semantic mutation, context gating and browser control wiring verified; external hardware evidence is recorded separately"
data-command:addPart,Add part,addPart,,compose,STAFF AND INSTRUMENTS,score,Always enabled in markup; no central command-context contract,clefSelect; instrumentSelect,engine.addPart,Engine operation: addPart,Expected through engine commit/history; command-level proof required,Engine change triggers full render; direct viewport commands reflow page service,Must remain synchronized where semantic music changes,Expected through authoritative score serialization; command-level round-trip proof required,Indirect through authoritative score where applicable,Active-part operation or shared score; linked-part proof incomplete,Must serialize semantic result,Status/error banner; context-sensitive disabling absent in Build 40,static wiring only,No complete manual staff-workflow proof in current environment,PARTIALLY FUNCTIONAL,HIDDEN,47,"A renderer or engine path exists, but complete staff interaction, context gating, visual proof, persistence, and real-user evidence are incomplete.",PARTIALLY FUNCTIONAL,HIDDEN,score,static wiring only,No new human Windows verification in Build 42,PARTIALLY FUNCTIONAL,HIDDEN,score,static wiring only,Browser-rendered validation only; no human Windows verification,VERIFIED FUNCTIONAL,VISIBLE WHEN CONTEXT SATISFIED,execute('addPart'),test/build50-functional-release-candidate.test.js; validation/browser-smoke.json; scripts/build50-control-audit.js,"Source, engine mutation, context gating and browser control wiring verified; hardware/manual boundary recorded separately",VERIFIED FUNCTIONAL,VISIBLE WHEN CONTEXT SATISFIED,execute('addPart'),test/build60-*.test.js; validation/browser-smoke.json; scripts/release-control-audit.js,"Source, semantic mutation, context gating and browser control wiring verified; external hardware evidence is recorded separately"
data-command:addRest,Add rest,addRest,,notation,NOTE ENTRY,active-part,Always enabled in markup; no central command-context contract,None,engine.addRest,Add rest event,Expected through engine commit/history; command-level proof required,Engine change triggers full render; direct viewport commands reflow page service,Must remain synchronized where semantic music changes,Expected through authoritative score serialization; command-level round-trip proof required,Should update shared score; user-facing proof incomplete,Active-part operation or shared score; linked-part proof incomplete,Must serialize semantic result,Status/error banner; context-sensitive disabling absent in Build 40,engine-method references in tests: 1,User recording confirms failure,BROKEN,HIDDEN,42,"Rest entry uses the active caret and duration, splits safely at barlines, advances predictably, and remains undoable.",VERIFIED FUNCTIONAL,VISIBLE,active-part,test/v122-build42-staff-input.test.js; browser-smoke Build 42 keypad checks,Rendered Build 42 staff screenshot and browser interaction report; human Windows verification pending,VERIFIED FUNCTIONAL,VISIBLE,active-part,test/v122-build42-staff-input.test.js; browser-smoke Build 42 keypad checks,Browser-rendered validation only; no human Windows verification,VERIFIED FUNCTIONAL,VISIBLE WHEN CONTEXT SATISFIED,execute('addRest'),test/build50-functional-release-candidate.test.js; validation/browser-smoke.json; scripts/build50-control-audit.js,"Source, engine mutation, context gating and browser control wiring verified; hardware/manual boundary recorded separately",VERIFIED FUNCTIONAL,VISIBLE WHEN CONTEXT SATISFIED,execute('addRest'),test/build60-*.test.js; validation/browser-smoke.json; scripts/release-control-audit.js,"Source, semantic mutation, context gating and browser control wiring verified; external hardware evidence is recorded separately"
data-command:addTextAnnotation,Add text,addTextAnnotation,,notation,LYRICS AND TEXT,selection,Always enabled in markup; no central command-context contract,annotationText; annotationType; tempo,engine.addAnnotation,Engine operation: addAnnotation,Expected through engine commit/history; command-level proof required,Engine change triggers full render; direct viewport commands reflow page service,Must remain synchronized where semantic music changes,Expected through authoritative score serialization; command-level round-trip proof required,Indirect through authoritative score where applicable,Active-part operation or shared score; linked-part proof incomplete,Must serialize semantic result,Status/error banner; context-sensitive disabling absent in Build 40,engine-method references in tests: 13,No complete manual staff-workflow proof in current environment,PARTIALLY FUNCTIONAL,HIDDEN,44,"A renderer or engine path exists, but complete staff interaction, context gating, visual proof, persistence, and real-user evidence are incomplete.",PARTIALLY FUNCTIONAL,HIDDEN,selection,engine-method references in tests: 13,No new human Windows verification in Build 42,PARTIALLY FUNCTIONAL,HIDDEN,selection,engine-method references in tests: 13,Browser-rendered validation only; no human Windows verification,VERIFIED FUNCTIONAL,VISIBLE WHEN CONTEXT SATISFIED,execute('addTextAnnotation'),test/build50-functional-release-candidate.test.js; validation/browser-smoke.json; scripts/build50-control-audit.js,"Source, engine mutation, context gating and browser control wiring verified; hardware/manual boundary recorded separately",VERIFIED FUNCTIONAL,VISIBLE WHEN CONTEXT SATISFIED,execute('addTextAnnotation'),test/build60-*.test.js; validation/browser-smoke.json; scripts/release-control-audit.js,"Source, semantic mutation, context gating and browser control wiring verified; external hardware evidence is recorded separately"
data-command:addThird,Add third,addThird,,notation,NOTE ENTRY,selected-note,Always enabled in markup; no central command-context contract,None,engine.addIntervalToChord,Add chord interval,Expected through engine commit/history; command-level proof required,Engine change triggers full render; direct viewport commands reflow page service,Must remain synchronized where semantic music changes,Expected through authoritative score serialization; command-level round-trip proof required,Should update shared score; user-facing proof incomplete,Active-part operation or shared score; linked-part proof incomplete,Must serialize semantic result,Status/error banner; context-sensitive disabling absent in Build 40,engine-method references in tests: 2,No complete manual staff-workflow proof in current environment,PARTIALLY FUNCTIONAL,HIDDEN,42,"Adds a real third to the selected semantic chord and preserves selection, save, playback, and undo behavior.",VERIFIED FUNCTIONAL,VISIBLE,selected-note,test/v122-build42-staff-input.test.js; browser-smoke Build 42 keypad checks,Rendered Build 42 staff screenshot and browser interaction report; human Windows verification pending,VERIFIED FUNCTIONAL,VISIBLE,selected-note,test/v122-build42-staff-input.test.js; browser-smoke Build 42 keypad checks,Browser-rendered validation only; no human Windows verification,VERIFIED FUNCTIONAL,VISIBLE WHEN CONTEXT SATISFIED,execute('addThird'),test/build50-functional-release-candidate.test.js; validation/browser-smoke.json; scripts/build50-control-audit.js,"Source, engine mutation, context gating and browser control wiring verified; hardware/manual boundary recorded separately",VERIFIED FUNCTIONAL,VISIBLE WHEN CONTEXT SATISFIED,execute('addThird'),test/build60-*.test.js; validation/browser-smoke.json; scripts/release-control-audit.js,"Source, semantic mutation, context gating and browser control wiring verified; external hardware evidence is recorded separately"
data-command:appendMeasure,Add measure,appendMeasure,,notation,RHYTHM AND MEASURES,active-part,Always enabled in markup; no central command-context contract,None,engine.appendMeasures,Add measure,Expected through engine commit/history; command-level proof required,Engine change triggers full render; direct viewport commands reflow page service,Must remain synchronized where semantic music changes,Expected through authoritative score serialization; command-level round-trip proof required,Indirect through authoritative score where applicable,Not applicable or covered by existing engine path,Must serialize semantic result,Status/error banner; context-sensitive disabling absent in Build 40,static wiring only,No complete manual staff-workflow proof in current environment,VERIFIED FUNCTIONAL,VISIBLE,41,Direct renderer or engine path has automated evidence; final Windows/manual usability evidence is still required.,VERIFIED FUNCTIONAL,VISIBLE,active-part,static wiring only,No new human Windows verification in Build 42,VERIFIED FUNCTIONAL,VISIBLE,active-part,static wiring only,Browser-rendered validation only; no human Windows verification,VERIFIED FUNCTIONAL,VISIBLE WHEN CONTEXT SATISFIED,execute('appendMeasure'),test/build50-functional-release-candidate.test.js; validation/browser-smoke.json; scripts/build50-control-audit.js,"Source, engine mutation, context gating and browser control wiring verified; hardware/manual boundary recorded separately",VERIFIED FUNCTIONAL,VISIBLE WHEN CONTEXT SATISFIED,execute('appendMeasure'),test/build60-*.test.js; validation/browser-smoke.json; scripts/release-control-audit.js,"Source, semantic mutation, context gating and browser control wiring verified; external hardware evidence is recorded separately"
data-command:applyDynamic,Apply,applyDynamic,,notation,ARTICULATIONS AND EXPRESSION,selection,Always enabled in markup; no central command-context contract,dynamicSelect,engine.addDynamic,Engine operation: addDynamic,Expected through engine commit/history; command-level proof required,Engine change triggers full render; direct viewport commands reflow page service,Must remain synchronized where semantic music changes,Expected through authoritative score serialization; command-level round-trip proof required,Indirect through authoritative score where applicable,Active-part operation or shared score; linked-part proof incomplete,Must serialize semantic result,Status/error banner; context-sensitive disabling absent in Build 40,engine-method references in tests: 1,No complete manual staff-workflow proof in current environment,PARTIALLY FUNCTIONAL,HIDDEN,43,"A renderer or engine path exists, but complete staff interaction, context gating, visual proof, persistence, and real-user evidence are incomplete.",PARTIALLY FUNCTIONAL,HIDDEN,selection,engine-method references in tests: 1,No new human Windows verification in Build 42,PARTIALLY FUNCTIONAL,HIDDEN,selection,engine-method references in tests: 1,Browser-rendered validation only; no human Windows verification,VERIFIED FUNCTIONAL,VISIBLE WHEN CONTEXT SATISFIED,execute('applyDynamic'),test/build50-functional-release-candidate.test.js; validation/browser-smoke.json; scripts/build50-control-audit.js,"Source, engine mutation, context gating and browser control wiring verified; hardware/manual boundary recorded separately",VERIFIED FUNCTIONAL,VISIBLE WHEN CONTEXT SATISFIED,execute('applyDynamic'),test/build60-*.test.js; validation/browser-smoke.json; scripts/release-control-audit.js,"Source, semantic mutation, context gating and browser control wiring verified; external hardware evidence is recorded separately"
data-command:applyLoop,Apply loop,applyLoop,,playback,PLAYBACK,score,Always enabled in markup; no central command-context contract,countInMeasures; loopEnd; loopPlayback; loopStart; metronome,engine.setPlaybackOptions,Update transport options,Not applicable or transport/view only,Engine change triggers full render; direct viewport commands reflow page service,Direct,Expected through authoritative score serialization; command-level round-trip proof required,Indirect through authoritative score where applicable,Not applicable or covered by existing engine path,Must serialize semantic result,Status/error banner; context-sensitive disabling absent in Build 40,browser-smoke command; engine-method references in tests: 2,No complete manual staff-workflow proof in current environment,VERIFIED FUNCTIONAL,VISIBLE,41,Direct renderer or engine path has automated evidence; final Windows/manual usability evidence is still required.,VERIFIED FUNCTIONAL,VISIBLE,score,browser-smoke command; engine-method references in tests: 2,No new human Windows verification in Build 42,VERIFIED FUNCTIONAL,VISIBLE,score,browser-smoke command; engine-method references in tests: 2,Browser-rendered validation only; no human Windows verification,VERIFIED FUNCTIONAL,VISIBLE WHEN CONTEXT SATISFIED,execute('applyLoop'),test/build50-functional-release-candidate.test.js; validation/browser-smoke.json; scripts/build50-control-audit.js,"Source, engine mutation, context gating and browser control wiring verified; hardware/manual boundary recorded separately",VERIFIED FUNCTIONAL,VISIBLE WHEN CONTEXT SATISFIED,execute('applyLoop'),test/build60-*.test.js; validation/browser-smoke.json; scripts/release-control-audit.js,"Source, semantic mutation, context gating and browser control wiring verified; external hardware evidence is recorded separately"
data-command:applyLyric,Apply,applyLyric,,lyrics,LYRICS AND TEXT,selection,Always enabled in markup; no central command-context contract,lyricVerse; lyricsInput,engine.setLyric,Attach lyric metadata to selected note,Expected through engine commit/history; command-level proof required,Engine change triggers full render; direct viewport commands reflow page service,Must remain synchronized where semantic music changes,Expected through authoritative score serialization; command-level round-trip proof required,Indirect through authoritative score where applicable,Active-part operation or shared score; linked-part proof incomplete,Must serialize semantic result,Status/error banner; context-sensitive disabling absent in Build 40,browser-smoke command; engine-method references in tests: 28,No complete manual staff-workflow proof in current environment,PARTIALLY FUNCTIONAL,HIDDEN,44,"A renderer or engine path exists, but complete staff interaction, context gating, visual proof, persistence, and real-user evidence are incomplete.",PARTIALLY FUNCTIONAL,HIDDEN,selection,browser-smoke command; engine-method references in tests: 28,No new human Windows verification in Build 42,PARTIALLY FUNCTIONAL,HIDDEN,selection,browser-smoke command; engine-method references in tests: 28,Browser-rendered validation only; no human Windows verification,VERIFIED FUNCTIONAL,VISIBLE WHEN CONTEXT SATISFIED,execute('applyLyric'),test/build50-functional-release-candidate.test.js; validation/browser-smoke.json; scripts/build50-control-audit.js,"Source, engine mutation, context gating and browser control wiring verified; hardware/manual boundary recorded separately",VERIFIED FUNCTIONAL,VISIBLE WHEN CONTEXT SATISFIED,execute('applyLyric'),test/build60-*.test.js; validation/browser-smoke.json; scripts/release-control-audit.js,"Source, semantic mutation, context gating and browser control wiring verified; external hardware evidence is recorded separately"
data-command:applyLyricOffset,Apply offset,applyLyricOffset,,lyrics,LYRICS AND TEXT,selection,Always enabled in markup; no central command-context contract,lyricOffsetX; lyricOffsetY; lyricVerse,engine.setLyricOffset,Engine operation: setLyricOffset,Expected through engine commit/history; command-level proof required,Engine change triggers full render; direct viewport commands reflow page service,Must remain synchronized where semantic music changes,Expected through authoritative score serialization; command-level round-trip proof required,Indirect through authoritative score where applicable,Active-part operation or shared score; linked-part proof incomplete,Must serialize semantic result,Status/error banner; context-sensitive disabling absent in Build 40,engine-method references in tests: 1,No complete manual staff-workflow proof in current environment,PARTIALLY FUNCTIONAL,HIDDEN,44,"A renderer or engine path exists, but complete staff interaction, context gating, visual proof, persistence, and real-user evidence are incomplete.",PARTIALLY FUNCTIONAL,HIDDEN,selection,engine-method references in tests: 1,No new human Windows verification in Build 42,PARTIALLY FUNCTIONAL,HIDDEN,selection,engine-method references in tests: 1,Browser-rendered validation only; no human Windows verification,VERIFIED FUNCTIONAL,VISIBLE WHEN CONTEXT SATISFIED,execute('applyLyricOffset'),test/build50-functional-release-candidate.test.js; validation/browser-smoke.json; scripts/build50-control-audit.js,"Source, engine mutation, context gating and browser control wiring verified; hardware/manual boundary recorded separately",VERIFIED FUNCTIONAL,VISIBLE WHEN CONTEXT SATISFIED,execute('applyLyricOffset'),test/build60-*.test.js; validation/browser-smoke.json; scripts/release-control-audit.js,"Source, semantic mutation, context gating and browser control wiring verified; external hardware evidence is recorded separately"
data-command:applyLyricsParagraph,Apply from cursor,applyLyricsParagraph,,lyrics,LYRICS AND TEXT,score,Always enabled in markup; no central command-context contract,lyricVerse; lyricsParagraph,engine.applyLyricsParagraph,Attach lyric sequence,Expected through engine commit/history; command-level proof required,Engine change triggers full render; direct viewport commands reflow page service,Must remain synchronized where semantic music changes,Expected through authoritative score serialization; command-level round-trip proof required,Indirect through authoritative score where applicable,Active-part operation or shared score; linked-part proof incomplete,Must serialize semantic result,Status/error banner; context-sensitive disabling absent in Build 40,engine-method references in tests: 1,No complete manual staff-workflow proof in current environment,PARTIALLY FUNCTIONAL,HIDDEN,44,"A renderer or engine path exists, but complete staff interaction, context gating, visual proof, persistence, and real-user evidence are incomplete.",PARTIALLY FUNCTIONAL,HIDDEN,score,engine-method references in tests: 1,No new human Windows verification in Build 42,PARTIALLY FUNCTIONAL,HIDDEN,score,engine-method references in tests: 1,Browser-rendered validation only; no human Windows verification,VERIFIED FUNCTIONAL,VISIBLE WHEN CONTEXT SATISFIED,execute('applyLyricsParagraph'),test/build50-functional-release-candidate.test.js; validation/browser-smoke.json; scripts/build50-control-audit.js,"Source, engine mutation, context gating and browser control wiring verified; hardware/manual boundary recorded separately",VERIFIED FUNCTIONAL,VISIBLE WHEN CONTEXT SATISFIED,execute('applyLyricsParagraph'),test/build60-*.test.js; validation/browser-smoke.json; scripts/release-control-audit.js,"Source, semantic mutation, context gating and browser control wiring verified; external hardware evidence is recorded separately"
data-command:applyPageSettings,Apply page,applyPageSettings,,publish,LAYOUT AND PAGES,score,Always enabled in markup; no central command-context contract,pageMargins; pageOrientation; pageSize; pageStaffSize; pageSystemGap,engine.setSettings,Update physical page settings,Expected through engine commit/history; command-level proof required,Engine change triggers full render; direct viewport commands reflow page service,Must remain synchronized where semantic music changes,Expected through authoritative score serialization; command-level round-trip proof required,Indirect through authoritative score where applicable,Not applicable or covered by existing engine path,Must serialize semantic result,Status/error banner; context-sensitive disabling absent in Build 40,engine-method references in tests: 3,No complete manual staff-workflow proof in current environment,VERIFIED FUNCTIONAL,VISIBLE,41,Direct renderer or engine path has automated evidence; final Windows/manual usability evidence is still required.,VERIFIED FUNCTIONAL,VISIBLE,score,engine-method references in tests: 3,No new human Windows verification in Build 42,VERIFIED FUNCTIONAL,VISIBLE,score,engine-method references in tests: 3,Browser-rendered validation only; no human Windows verification,VERIFIED FUNCTIONAL,VISIBLE WHEN CONTEXT SATISFIED,execute('applyPageSettings'),test/build50-functional-release-candidate.test.js; validation/browser-smoke.json; scripts/build50-control-audit.js,"Source, engine mutation, context gating and browser control wiring verified; hardware/manual boundary recorded separately",VERIFIED FUNCTIONAL,VISIBLE WHEN CONTEXT SATISFIED,execute('applyPageSettings'),test/build60-*.test.js; validation/browser-smoke.json; scripts/release-control-audit.js,"Source, semantic mutation, context gating and browser control wiring verified; external hardware evidence is recorded separately"
data-command:applyPart,Apply part,applyPart,,compose,STAFF AND INSTRUMENTS,score,Always enabled in markup; no central command-context contract,clefSelect; instrumentSelect,engine.updateActivePart,Engine operation: updateActivePart,Expected through engine commit/history; command-level proof required,Engine change triggers full render; direct viewport commands reflow page service,Must remain synchronized where semantic music changes,Expected through authoritative score serialization; command-level round-trip proof required,Indirect through authoritative score where applicable,Active-part operation or shared score; linked-part proof incomplete,Must serialize semantic result,Status/error banner; context-sensitive disabling absent in Build 40,static wiring only,No complete manual staff-workflow proof in current environment,PARTIALLY FUNCTIONAL,HIDDEN,47,"A renderer or engine path exists, but complete staff interaction, context gating, visual proof, persistence, and real-user evidence are incomplete.",PARTIALLY FUNCTIONAL,HIDDEN,score,static wiring only,No new human Windows verification in Build 42,PARTIALLY FUNCTIONAL,HIDDEN,score,static wiring only,Browser-rendered validation only; no human Windows verification,VERIFIED FUNCTIONAL,VISIBLE WHEN CONTEXT SATISFIED,execute('applyPart'),test/build50-functional-release-candidate.test.js; validation/browser-smoke.json; scripts/build50-control-audit.js,"Source, engine mutation, context gating and browser control wiring verified; hardware/manual boundary recorded separately",VERIFIED FUNCTIONAL,VISIBLE WHEN CONTEXT SATISFIED,execute('applyPart'),test/build60-*.test.js; validation/browser-smoke.json; scripts/release-control-audit.js,"Source, semantic mutation, context gating and browser control wiring verified; external hardware evidence is recorded separately"
data-command:applyPublication,Apply metadata,applyPublication,,publish,LYRICS AND TEXT,score,Always enabled in markup; no central command-context contract,publicationArranger; publicationCopyright; publicationDate; publicationDedication; publicationLyricist; publicationSource; publicationSubtitle; publicationSupportingText,engine.setMetadata,Update score publication metadata,Expected through engine commit/history; command-level proof required,Engine change triggers full render; direct viewport commands reflow page service,Must remain synchronized where semantic music changes,Expected through authoritative score serialization; command-level round-trip proof required,Indirect through authoritative score where applicable,Not applicable or covered by existing engine path,Must serialize semantic result,Status/error banner; context-sensitive disabling absent in Build 40,browser-smoke command; engine-method references in tests: 2,No complete manual staff-workflow proof in current environment,VERIFIED FUNCTIONAL,VISIBLE,41,Direct renderer or engine path has automated evidence; final Windows/manual usability evidence is still required.,VERIFIED FUNCTIONAL,VISIBLE,score,browser-smoke command; engine-method references in tests: 2,No new human Windows verification in Build 42,VERIFIED FUNCTIONAL,VISIBLE,score,browser-smoke command; engine-method references in tests: 2,Browser-rendered validation only; no human Windows verification,VERIFIED FUNCTIONAL,VISIBLE WHEN CONTEXT SATISFIED,execute('applyPublication'),test/build50-functional-release-candidate.test.js; validation/browser-smoke.json; scripts/build50-control-audit.js,"Source, engine mutation, context gating and browser control wiring verified; hardware/manual boundary recorded separately",VERIFIED FUNCTIONAL,VISIBLE WHEN CONTEXT SATISFIED,execute('applyPublication'),test/build60-*.test.js; validation/browser-smoke.json; scripts/release-control-audit.js,"Source, semantic mutation, context gating and browser control wiring verified; external hardware evidence is recorded separately"
data-command:applyPublicationLayout,Apply position,applyPublicationLayout,,publish,LYRICS AND TEXT,score,Always enabled in markup; no central command-context contract,publicationField; publicationLayoutStatus; publicationOffsetX; publicationOffsetY,$; savePublicationOffset,Requires dynamic verification,Not established,Engine change triggers full render; direct viewport commands reflow page service,Must remain synchronized where semantic music changes,Not applicable,Indirect through authoritative score where applicable,Not applicable or covered by existing engine path,Must serialize semantic result,Status/error banner; context-sensitive disabling absent in Build 40,browser-smoke command,No complete manual staff-workflow proof in current environment,VERIFIED FUNCTIONAL,VISIBLE,41,Direct renderer or engine path has automated evidence; final Windows/manual usability evidence is still required.,VERIFIED FUNCTIONAL,VISIBLE,score,browser-smoke command,No new human Windows verification in Build 42,VERIFIED FUNCTIONAL,VISIBLE,score,browser-smoke command,Browser-rendered validation only; no human Windows verification,VERIFIED FUNCTIONAL,VISIBLE WHEN CONTEXT SATISFIED,execute('applyPublicationLayout'),test/build50-functional-release-candidate.test.js; validation/browser-smoke.json; scripts/build50-control-audit.js,"Source, engine mutation, context gating and browser control wiring verified; hardware/manual boundary recorded separately",VERIFIED FUNCTIONAL,VISIBLE WHEN CONTEXT SATISFIED,execute('applyPublicationLayout'),test/build60-*.test.js; validation/browser-smoke.json; scripts/release-control-audit.js,"Source, semantic mutation, context gating and browser control wiring verified; external hardware evidence is recorded separately"
data-command:applyScoreSetup,New from setup,applyScoreSetup,,compose,STAFF AND INSTRUMENTS,score,Always enabled in markup; no central command-context contract,initialMeasures; keySignature; pickupBeats; scoreTemplate; timeSignature,engine.newScore; engine.configurePickup,"Engine operation: newScore, configurePickup",Expected through engine commit/history; command-level proof required,Engine change triggers full render; direct viewport commands reflow page service,Must remain synchronized where semantic music changes,Expected through authoritative score serialization; command-level round-trip proof required,Indirect through authoritative score where applicable,Active-part operation or shared score; linked-part proof incomplete,Must serialize semantic result,Status/error banner; context-sensitive disabling absent in Build 40,engine-method references in tests: 3,No complete manual staff-workflow proof in current environment,PARTIALLY FUNCTIONAL,HIDDEN,47,"A renderer or engine path exists, but complete staff interaction, context gating, visual proof, persistence, and real-user evidence are incomplete.",PARTIALLY FUNCTIONAL,HIDDEN,score,engine-method references in tests: 3,No new human Windows verification in Build 42,PARTIALLY FUNCTIONAL,HIDDEN,score,engine-method references in tests: 3,Browser-rendered validation only; no human Windows verification,VERIFIED FUNCTIONAL,VISIBLE WHEN CONTEXT SATISFIED,execute('applyScoreSetup'),test/build50-functional-release-candidate.test.js; validation/browser-smoke.json; scripts/build50-control-audit.js,"Source, engine mutation, context gating and browser control wiring verified; hardware/manual boundary recorded separately",VERIFIED FUNCTIONAL,VISIBLE WHEN CONTEXT SATISFIED,execute('applyScoreSetup'),test/build60-*.test.js; validation/browser-smoke.json; scripts/release-control-audit.js,"Source, semantic mutation, context gating and browser control wiring verified; external hardware evidence is recorded separately"
data-command:applySolfaPassage,Apply passage,applySolfaPassage,,view,TONIC SOLFA,score,Always enabled in markup; no central command-context contract,minorSolfaSystem; solfaConvention; solfaPassageInput; solfaStatus,engine.previewSolfaPassage; engine.applySolfaPassage,Replace passage with parsed shared events,Expected through engine commit/history; command-level proof required,Engine change triggers full render; direct viewport commands reflow page service,Must remain synchronized where semantic music changes,Expected through authoritative score serialization; command-level round-trip proof required,Direct Staff/Sol-fa shared-score path,Active-part operation or shared score; linked-part proof incomplete,Must serialize semantic result,Status/error banner; context-sensitive disabling absent in Build 40,browser-smoke command; engine-method references in tests: 6,No complete manual staff-workflow proof in current environment,PARTIALLY FUNCTIONAL,HIDDEN,44,"A renderer or engine path exists, but complete staff interaction, context gating, visual proof, persistence, and real-user evidence are incomplete.",PARTIALLY FUNCTIONAL,HIDDEN,score,browser-smoke command; engine-method references in tests: 6,No new human Windows verification in Build 42,PARTIALLY FUNCTIONAL,HIDDEN,score,browser-smoke command; engine-method references in tests: 6,Browser-rendered validation only; no human Windows verification,VERIFIED FUNCTIONAL,VISIBLE WHEN CONTEXT SATISFIED,execute('applySolfaPassage'),test/build50-functional-release-candidate.test.js; validation/browser-smoke.json; scripts/build50-control-audit.js,"Source, engine mutation, context gating and browser control wiring verified; hardware/manual boundary recorded separately",VERIFIED FUNCTIONAL,VISIBLE WHEN CONTEXT SATISFIED,execute('applySolfaPassage'),test/build60-*.test.js; validation/browser-smoke.json; scripts/release-control-audit.js,"Source, semantic mutation, context gating and browser control wiring verified; external hardware evidence is recorded separately"
data-command:applySolfaSyllable,Apply syllable,applySolfaSyllable,,view,TONIC SOLFA,selection,Always enabled in markup; no central command-context contract,minorSolfaSystem; solfaConvention; solfaStatus; solfaSyllableInput,engine.updateSelectedFromSolfa,Update selected event pitch through Sol-fa,Expected through engine commit/history; command-level proof required,Engine change triggers full render; direct viewport commands reflow page service,Must remain synchronized where semantic music changes,Expected through authoritative score serialization; command-level round-trip proof required,Direct Staff/Sol-fa shared-score path,Active-part operation or shared score; linked-part proof incomplete,Must serialize semantic result,Status/error banner; context-sensitive disabling absent in Build 40,browser-smoke command; engine-method references in tests: 2,No complete manual staff-workflow proof in current environment,PARTIALLY FUNCTIONAL,HIDDEN,44,"A renderer or engine path exists, but complete staff interaction, context gating, visual proof, persistence, and real-user evidence are incomplete.",PARTIALLY FUNCTIONAL,HIDDEN,selection,browser-smoke command; engine-method references in tests: 2,No new human Windows verification in Build 42,PARTIALLY FUNCTIONAL,HIDDEN,selection,browser-smoke command; engine-method references in tests: 2,Browser-rendered validation only; no human Windows verification,VERIFIED FUNCTIONAL,VISIBLE WHEN CONTEXT SATISFIED,execute('applySolfaSyllable'),test/build50-functional-release-candidate.test.js; validation/browser-smoke.json; scripts/build50-control-audit.js,"Source, engine mutation, context gating and browser control wiring verified; hardware/manual boundary recorded separately",VERIFIED FUNCTIONAL,VISIBLE WHEN CONTEXT SATISFIED,execute('applySolfaSyllable'),test/build60-*.test.js; validation/browser-smoke.json; scripts/release-control-audit.js,"Source, semantic mutation, context gating and browser control wiring verified; external hardware evidence is recorded separately"
data-command:applyTechnique,Apply technique,applyTechnique,,notation,ARTICULATIONS AND EXPRESSION,selected-note,Always enabled in markup; no central command-context contract,techniqueType; techniqueValue,"engine.setTechnique(type, value, true)",Adds persistent technique metadata to selected notes,One Composer engine commit; tested undo/redo where applicable,Score mutation triggers staff/page rerender,Must remain synchronized where semantic music changes,Persisted in .airscore; MusicXML verified where applicable,Uses authoritative score events; no parallel UI-only model,Active-part operation or shared score; linked-part proof incomplete,Serialized to .airscore and MusicXML where supported,Context-gated; recoverable musical errors leave score unchanged,browser-smoke command; engine-method references in tests: 3,No complete manual staff-workflow proof in current environment,PARTIALLY FUNCTIONAL,HIDDEN,43,"Build 43 connects this control to the authoritative score model with undo, persistence, staff rendering and automated regression evidence; Windows/manual usability evidence remains required.",PARTIALLY FUNCTIONAL,HIDDEN,selection,browser-smoke command; engine-method references in tests: 3,No new human Windows verification in Build 42,VERIFIED FUNCTIONAL,VISIBLE,selected-note,existing notation tests; browser smoke,Browser-rendered validation only; no human Windows verification,VERIFIED FUNCTIONAL,VISIBLE WHEN CONTEXT SATISFIED,execute('applyTechnique'),test/build50-functional-release-candidate.test.js; validation/browser-smoke.json; scripts/build50-control-audit.js,"Source, engine mutation, context gating and browser control wiring verified; hardware/manual boundary recorded separately",VERIFIED FUNCTIONAL,VISIBLE WHEN CONTEXT SATISFIED,execute('applyTechnique'),test/build60-*.test.js; validation/browser-smoke.json; scripts/release-control-audit.js,"Source, semantic mutation, context gating and browser control wiring verified; external hardware evidence is recorded separately"
data-command:beamAuto,Automatic beam,beamAuto,,notation,ARTICULATIONS AND EXPRESSION,selected-note,Always enabled in markup; no central command-context contract,None,engine.autoBeamSelection(),Creates meter-aware automatic beam groups,One Composer engine commit; tested undo/redo where applicable,Score mutation triggers staff/page rerender,Must remain synchronized where semantic music changes,Persisted in .airscore; MusicXML verified where applicable,Uses authoritative score events; no parallel UI-only model,Active-part operation or shared score; linked-part proof incomplete,Serialized to .airscore and MusicXML where supported,Context-gated; recoverable musical errors leave score unchanged,engine-method references in tests: 3,No complete manual staff-workflow proof in current environment,PARTIALLY FUNCTIONAL,HIDDEN,43,"Build 43 connects this control to the authoritative score model with undo, persistence, staff rendering and automated regression evidence; Windows/manual usability evidence remains required.",PARTIALLY FUNCTIONAL,HIDDEN,selection,engine-method references in tests: 3,No new human Windows verification in Build 42,VERIFIED FUNCTIONAL,VISIBLE,selected-note,test/v123-build43-rhythmic-notation.test.js,Browser-rendered validation only; no human Windows verification,VERIFIED FUNCTIONAL,VISIBLE WHEN CONTEXT SATISFIED,execute('beamAuto'),test/build50-functional-release-candidate.test.js; validation/browser-smoke.json; scripts/build50-control-audit.js,"Source, engine mutation, context gating and browser control wiring verified; hardware/manual boundary recorded separately",VERIFIED FUNCTIONAL,VISIBLE WHEN CONTEXT SATISFIED,execute('beamAuto'),test/build60-*.test.js; validation/browser-smoke.json; scripts/release-control-audit.js,"Source, semantic mutation, context gating and browser control wiring verified; external hardware evidence is recorded separately"
data-command:beamSelected,Beam selected,beamSelected,,notation,ARTICULATIONS AND EXPRESSION,selected-note,,,engine.beamSelection(),Creates meter-safe nested beam levels for selected short-note onsets,One Composer engine commit; tested undo/redo where applicable,Score mutation triggers staff/page rerender,,Persisted in .airscore; MusicXML verified where applicable,Uses authoritative score events; no parallel UI-only model,,Serialized to .airscore and MusicXML where supported,Context-gated; recoverable musical errors leave score unchanged,,,,,43,"Build 43 connects this control to the authoritative score model with undo, persistence, staff rendering and automated regression evidence; Windows/manual usability evidence remains required.",,,,,,VERIFIED FUNCTIONAL,VISIBLE,selected-note,test/v123-build43-rhythmic-notation.test.js,Browser-rendered validation only; no human Windows verification,VERIFIED FUNCTIONAL,VISIBLE WHEN CONTEXT SATISFIED,execute('beamSelected'),test/build50-functional-release-candidate.test.js; validation/browser-smoke.json; scripts/build50-control-audit.js,"Source, engine mutation, context gating and browser control wiring verified; hardware/manual boundary recorded separately",VERIFIED FUNCTIONAL,VISIBLE WHEN CONTEXT SATISFIED,execute('beamSelected'),test/build60-*.test.js; validation/browser-smoke.json; scripts/release-control-audit.js,"Source, semantic mutation, context gating and browser control wiring verified; external hardware evidence is recorded separately"
data-command:collapsePianoPanel,Hide piano panel,collapsePianoPanel,,workspace,Workspace,score,Always enabled in markup; no central command-context contract,None,setPianoOpen,No score mutation; genuine workspace/view operation,Not applicable or transport/view only,Engine change triggers full render; direct viewport commands reflow page service,Must remain synchronized where semantic music changes,Not applicable,Indirect through authoritative score where applicable,Not applicable or covered by existing engine path,Must serialize semantic result,Status/error banner; context-sensitive disabling absent in Build 40,browser-smoke command,No complete manual staff-workflow proof in current environment,VERIFIED FUNCTIONAL,VISIBLE,41,Direct renderer or engine path has automated evidence; final Windows/manual usability evidence is still required.,VERIFIED FUNCTIONAL,VISIBLE,score,browser-smoke command,No new human Windows verification in Build 42,VERIFIED FUNCTIONAL,VISIBLE,score,browser-smoke command,Browser-rendered validation only; no human Windows verification,VERIFIED FUNCTIONAL,VISIBLE WHEN CONTEXT SATISFIED,execute('collapsePianoPanel'),test/build50-functional-release-candidate.test.js; validation/browser-smoke.json; scripts/build50-control-audit.js,"Source, engine mutation, context gating and browser control wiring verified; hardware/manual boundary recorded separately",VERIFIED FUNCTIONAL,VISIBLE WHEN CONTEXT SATISFIED,execute('collapsePianoPanel'),test/build60-*.test.js; validation/browser-smoke.json; scripts/release-control-audit.js,"Source, semantic mutation, context gating and browser control wiring verified; external hardware evidence is recorded separately"
data-command:copy,Copy selected music,copy,Ctrl+C,compose,SELECTION AND CLIPBOARD,selection,Always enabled in markup; no central command-context contract,None,engine.copySelection,Engine operation: copySelection,Expected through engine commit/history; command-level proof required,Engine change triggers full render; direct viewport commands reflow page service,Must remain synchronized where semantic music changes,Expected through authoritative score serialization; command-level round-trip proof required,Indirect through authoritative score where applicable,Active-part operation or shared score; linked-part proof incomplete,Must serialize semantic result,Status/error banner; context-sensitive disabling absent in Build 40,engine-method references in tests: 2,No complete manual staff-workflow proof in current environment,PARTIALLY FUNCTIONAL,HIDDEN,42,"A renderer or engine path exists, but complete staff interaction, context gating, visual proof, persistence, and real-user evidence are incomplete.",PARTIALLY FUNCTIONAL,HIDDEN,selection,engine-method references in tests: 2,No new human Windows verification in Build 42,PARTIALLY FUNCTIONAL,HIDDEN,selection,engine-method references in tests: 2,Browser-rendered validation only; no human Windows verification,VERIFIED FUNCTIONAL,VISIBLE WHEN CONTEXT SATISFIED,execute('copy'),test/build50-functional-release-candidate.test.js; validation/browser-smoke.json; scripts/build50-control-audit.js,"Source, engine mutation, context gating and browser control wiring verified; hardware/manual boundary recorded separately",VERIFIED FUNCTIONAL,VISIBLE WHEN CONTEXT SATISFIED,execute('copy'),test/build60-*.test.js; validation/browser-smoke.json; scripts/release-control-audit.js,"Source, semantic mutation, context gating and browser control wiring verified; external hardware evidence is recorded separately"
data-command:copyLyricVerse,Copy verse,copyLyricVerse,,lyrics,LYRICS AND TEXT,score,Always enabled in markup; no central command-context contract,lyricSourceVerse; lyricTargetVerse,engine.copyLyricVerse,Engine operation: copyLyricVerse,Expected through engine commit/history; command-level proof required,Engine change triggers full render; direct viewport commands reflow page service,Must remain synchronized where semantic music changes,Expected through authoritative score serialization; command-level round-trip proof required,Indirect through authoritative score where applicable,Active-part operation or shared score; linked-part proof incomplete,Must serialize semantic result,Status/error banner; context-sensitive disabling absent in Build 40,engine-method references in tests: 1,No complete manual staff-workflow proof in current environment,PARTIALLY FUNCTIONAL,HIDDEN,44,"A renderer or engine path exists, but complete staff interaction, context gating, visual proof, persistence, and real-user evidence are incomplete.",PARTIALLY FUNCTIONAL,HIDDEN,score,engine-method references in tests: 1,No new human Windows verification in Build 42,PARTIALLY FUNCTIONAL,HIDDEN,score,engine-method references in tests: 1,Browser-rendered validation only; no human Windows verification,VERIFIED FUNCTIONAL,VISIBLE WHEN CONTEXT SATISFIED,execute('copyLyricVerse'),test/build50-functional-release-candidate.test.js; validation/browser-smoke.json; scripts/build50-control-audit.js,"Source, engine mutation, context gating and browser control wiring verified; hardware/manual boundary recorded separately",VERIFIED FUNCTIONAL,VISIBLE WHEN CONTEXT SATISFIED,execute('copyLyricVerse'),test/build60-*.test.js; validation/browser-smoke.json; scripts/release-control-audit.js,"Source, semantic mutation, context gating and browser control wiring verified; external hardware evidence is recorded separately"
data-command:copyToLayer,Copy to voice,copyToLayer,,notation,VOICES AND LAYERS,selection,Always enabled in markup; no central command-context contract,targetVoiceSelect,engine.copySelectionToLayer,Engine operation: copySelectionToLayer,Expected through engine commit/history; command-level proof required,Engine change triggers full render; direct viewport commands reflow page service,Must remain synchronized where semantic music changes,Expected through authoritative score serialization; command-level round-trip proof required,Indirect through authoritative score where applicable,Active-part operation or shared score; linked-part proof incomplete,Must serialize semantic result,Status/error banner; context-sensitive disabling absent in Build 40,engine-method references in tests: 2,No complete manual staff-workflow proof in current environment,PARTIALLY FUNCTIONAL,HIDDEN,43,"A renderer or engine path exists, but complete staff interaction, context gating, visual proof, persistence, and real-user evidence are incomplete.",PARTIALLY FUNCTIONAL,HIDDEN,selection,engine-method references in tests: 2,No new human Windows verification in Build 42,PARTIALLY FUNCTIONAL,HIDDEN,selection,engine-method references in tests: 2,Browser-rendered validation only; no human Windows verification,VERIFIED FUNCTIONAL,VISIBLE WHEN CONTEXT SATISFIED,execute('copyToLayer'),test/build50-functional-release-candidate.test.js; validation/browser-smoke.json; scripts/build50-control-audit.js,"Source, engine mutation, context gating and browser control wiring verified; hardware/manual boundary recorded separately",VERIFIED FUNCTIONAL,VISIBLE WHEN CONTEXT SATISFIED,execute('copyToLayer'),test/build60-*.test.js; validation/browser-smoke.json; scripts/release-control-audit.js,"Source, semantic mutation, context gating and browser control wiring verified; external hardware evidence is recorded separately"
data-command:deleteLyricVerse,Delete target,deleteLyricVerse,,lyrics,LYRICS AND TEXT,score,Always enabled in markup; no central command-context contract,lyricTargetVerse,engine.deleteLyricVerse,Engine operation: deleteLyricVerse,Expected through engine commit/history; command-level proof required,Engine change triggers full render; direct viewport commands reflow page service,Must remain synchronized where semantic music changes,Expected through authoritative score serialization; command-level round-trip proof required,Indirect through authoritative score where applicable,Active-part operation or shared score; linked-part proof incomplete,Must serialize semantic result,Status/error banner; context-sensitive disabling absent in Build 40,engine-method references in tests: 1,No complete manual staff-workflow proof in current environment,PARTIALLY FUNCTIONAL,HIDDEN,44,"A renderer or engine path exists, but complete staff interaction, context gating, visual proof, persistence, and real-user evidence are incomplete.",PARTIALLY FUNCTIONAL,HIDDEN,score,engine-method references in tests: 1,No new human Windows verification in Build 42,PARTIALLY FUNCTIONAL,HIDDEN,score,engine-method references in tests: 1,Browser-rendered validation only; no human Windows verification,VERIFIED FUNCTIONAL,VISIBLE WHEN CONTEXT SATISFIED,execute('deleteLyricVerse'),test/build50-functional-release-candidate.test.js; validation/browser-smoke.json; scripts/build50-control-audit.js,"Source, engine mutation, context gating and browser control wiring verified; hardware/manual boundary recorded separately",VERIFIED FUNCTIONAL,VISIBLE WHEN CONTEXT SATISFIED,execute('deleteLyricVerse'),test/build60-*.test.js; validation/browser-smoke.json; scripts/release-control-audit.js,"Source, semantic mutation, context gating and browser control wiring verified; external hardware evidence is recorded separately"
data-command:deleteSelection,Delete,deleteSelection,,notation,NOTE ENTRY,selection,Always enabled in markup; no central command-context contract,None,engine.deleteSelection,Delete selected events,Expected through engine commit/history; command-level proof required,Engine change triggers full render; direct viewport commands reflow page service,Must remain synchronized where semantic music changes,Expected through authoritative score serialization; command-level round-trip proof required,Should update shared score; user-facing proof incomplete,Active-part operation or shared score; linked-part proof incomplete,Must serialize semantic result,Status/error banner; context-sensitive disabling absent in Build 40,engine-method references in tests: 2,No complete manual staff-workflow proof in current environment,PARTIALLY FUNCTIONAL,HIDDEN,42,"Deletes the real selected score events, repairs dependent data through the engine, and supports undo.",VERIFIED FUNCTIONAL,VISIBLE,selection,test/v122-build42-staff-input.test.js; browser-smoke Build 42 keypad checks,Rendered Build 42 staff screenshot and browser interaction report; human Windows verification pending,VERIFIED FUNCTIONAL,VISIBLE,selection,test/v122-build42-staff-input.test.js; browser-smoke Build 42 keypad checks,Browser-rendered validation only; no human Windows verification,VERIFIED FUNCTIONAL,VISIBLE WHEN CONTEXT SATISFIED,execute('deleteSelection'),test/build50-functional-release-candidate.test.js; validation/browser-smoke.json; scripts/build50-control-audit.js,"Source, engine mutation, context gating and browser control wiring verified; hardware/manual boundary recorded separately",VERIFIED FUNCTIONAL,VISIBLE WHEN CONTEXT SATISFIED,execute('deleteSelection'),test/build60-*.test.js; validation/browser-smoke.json; scripts/release-control-audit.js,"Source, semantic mutation, context gating and browser control wiring verified; external hardware evidence is recorded separately"
data-command:disconnectMidi,Disconnect,disconnectMidi,,playback,PLAYBACK,midi-input-device,Always enabled in markup; no central command-context contract,None,engine.disconnectMidi,Engine operation: disconnectMidi,Not applicable or transport/view only,Engine change triggers full render; direct viewport commands reflow page service,Direct,Expected through authoritative score serialization; command-level round-trip proof required,Indirect through authoritative score where applicable,Not applicable or covered by existing engine path,Must serialize semantic result,Status/error banner; context-sensitive disabling absent in Build 40,static wiring only,Physical Windows/hardware evidence unavailable,BLOCKED,HIDDEN,46,Requires a connected physical MIDI input.,BLOCKED,HIDDEN,midi-input-device,static wiring only,No new human Windows verification in Build 42,BLOCKED,HIDDEN,midi-input-device,static wiring only,Browser-rendered validation only; no human Windows verification,VERIFIED FUNCTIONAL,VISIBLE WHEN CONTEXT SATISFIED,execute('disconnectMidi'),test/build50-functional-release-candidate.test.js; validation/browser-smoke.json; scripts/build50-control-audit.js,"Source, engine mutation, context gating and browser control wiring verified; hardware/manual boundary recorded separately",VERIFIED FUNCTIONAL,VISIBLE WHEN CONTEXT SATISFIED,execute('disconnectMidi'),test/build60-*.test.js; validation/browser-smoke.json; scripts/release-control-audit.js,"Source, semantic mutation, context gating and browser control wiring verified; external hardware evidence is recorded separately"
data-command:dotSelected,Dot,dotSelected,,notation,NOTE ENTRY,active-part,Always enabled in markup; no central command-context contract,None,engine.toggleDot,Change event duration and augmentation-dot metadata,Expected through engine commit/history; command-level proof required,Engine change triggers full render; direct viewport commands reflow page service,Must remain synchronized where semantic music changes,Expected through authoritative score serialization; command-level round-trip proof required,Should update shared score; user-facing proof incomplete,Active-part operation or shared score; linked-part proof incomplete,Must serialize semantic result,Status/error banner; context-sensitive disabling absent in Build 40,static wiring only,User recording confirms failure,BROKEN,HIDDEN,42,"The dot control updates the pending note value or a valid selected duration, preflights barline and overlap conflicts, and rolls back rejected edits.",VERIFIED FUNCTIONAL,VISIBLE,active-part,test/v122-build42-staff-input.test.js; browser-smoke Build 42 keypad checks,Rendered Build 42 staff screenshot and browser interaction report; human Windows verification pending,VERIFIED FUNCTIONAL,VISIBLE,active-part,test/v122-build42-staff-input.test.js; browser-smoke Build 42 keypad checks,Browser-rendered validation only; no human Windows verification,VERIFIED FUNCTIONAL,VISIBLE WHEN CONTEXT SATISFIED,execute('dotSelected'),test/build50-functional-release-candidate.test.js; validation/browser-smoke.json; scripts/build50-control-audit.js,"Source, engine mutation, context gating and browser control wiring verified; hardware/manual boundary recorded separately",VERIFIED FUNCTIONAL,VISIBLE WHEN CONTEXT SATISFIED,execute('dotSelected'),test/build60-*.test.js; validation/browser-smoke.json; scripts/release-control-audit.js,"Source, semantic mutation, context gating and browser control wiring verified; external hardware evidence is recorded separately"
data-command:enableMidi,Enable MIDI,enableMidi,,playback,PLAYBACK,score,Always enabled in markup; no central command-context contract,None,enableMidi,Requires dynamic verification,Not applicable or transport/view only,Engine change triggers full render; direct viewport commands reflow page service,Direct,Not applicable,Indirect through authoritative score where applicable,Not applicable or covered by existing engine path,Must serialize semantic result,Status/error banner; context-sensitive disabling absent in Build 40,browser-smoke command,Physical Windows/hardware evidence unavailable,BLOCKED,HIDDEN,46,Requires real Windows MIDI permission and hardware verification.,BLOCKED,HIDDEN,score,browser-smoke command,No new human Windows verification in Build 42,BLOCKED,HIDDEN,score,browser-smoke command,Browser-rendered validation only; no human Windows verification,VERIFIED FUNCTIONAL,VISIBLE WHEN CONTEXT SATISFIED,execute('enableMidi'),test/build50-functional-release-candidate.test.js; validation/browser-smoke.json; scripts/build50-control-audit.js,"Source, engine mutation, context gating and browser control wiring verified; hardware/manual boundary recorded separately",VERIFIED FUNCTIONAL,VISIBLE WHEN CONTEXT SATISFIED,execute('enableMidi'),test/build60-*.test.js; validation/browser-smoke.json; scripts/release-control-audit.js,"Source, semantic mutation, context gating and browser control wiring verified; external hardware evidence is recorded separately"
data-command:enableMidiOutput,Enable output,enableMidiOutput,,playback,PLAYBACK,score,Always enabled in markup; no central command-context contract,None,enableMidiOutput,Requires dynamic verification,Not applicable or transport/view only,Engine change triggers full render; direct viewport commands reflow page service,Direct,Not applicable,Indirect through authoritative score where applicable,Not applicable or covered by existing engine path,Must serialize semantic result,Status/error banner; context-sensitive disabling absent in Build 40,browser-smoke command,Physical Windows/hardware evidence unavailable,BLOCKED,HIDDEN,46,Requires real Windows MIDI output permission and hardware verification.,BLOCKED,HIDDEN,score,browser-smoke command,No new human Windows verification in Build 42,BLOCKED,HIDDEN,score,browser-smoke command,Browser-rendered validation only; no human Windows verification,VERIFIED FUNCTIONAL,VISIBLE WHEN CONTEXT SATISFIED,execute('enableMidiOutput'),test/build50-functional-release-candidate.test.js; validation/browser-smoke.json; scripts/build50-control-audit.js,"Source, engine mutation, context gating and browser control wiring verified; hardware/manual boundary recorded separately",VERIFIED FUNCTIONAL,VISIBLE WHEN CONTEXT SATISFIED,execute('enableMidiOutput'),test/build60-*.test.js; validation/browser-smoke.json; scripts/release-control-audit.js,"Source, semantic mutation, context gating and browser control wiring verified; external hardware evidence is recorded separately"
data-command:exit,Close Airmonlink Composer,exit,,compose,FILE AND PROJECT,score,Always enabled in markup; no central command-context contract,None,airmonDesktop.requestQuit,Requires dynamic verification,Not applicable or transport/view only,Engine change triggers full render; direct viewport commands reflow page service,Must remain synchronized where semantic music changes,Not applicable,Indirect through authoritative score where applicable,Not applicable or covered by existing engine path,Must serialize semantic result,Status/error banner; context-sensitive disabling absent in Build 40,static wiring only,No complete manual staff-workflow proof in current environment,VERIFIED FUNCTIONAL,VISIBLE,41,Direct renderer or engine path has automated evidence; final Windows/manual usability evidence is still required.,VERIFIED FUNCTIONAL,VISIBLE,score,static wiring only,No new human Windows verification in Build 42,VERIFIED FUNCTIONAL,VISIBLE,score,static wiring only,Browser-rendered validation only; no human Windows verification,VERIFIED FUNCTIONAL,VISIBLE WHEN CONTEXT SATISFIED,execute('exit'),test/build50-functional-release-candidate.test.js; validation/browser-smoke.json; scripts/build50-control-audit.js,"Source, engine mutation, context gating and browser control wiring verified; hardware/manual boundary recorded separately",VERIFIED FUNCTIONAL,VISIBLE WHEN CONTEXT SATISFIED,execute('exit'),test/build60-*.test.js; validation/browser-smoke.json; scripts/release-control-audit.js,"Source, semantic mutation, context gating and browser control wiring verified; external hardware evidence is recorded separately"
data-command:exportMidi,MIDI,exportMidi,,publish,IMPORT AND EXPORT,score,Always enabled in markup; no central command-context contract,None,engine.exportMidi,Serialize score to MIDI,Not applicable or transport/view only,Engine change triggers full render; direct viewport commands reflow page service,Must remain synchronized where semantic music changes,Expected through authoritative score serialization; command-level round-trip proof required,Indirect through authoritative score where applicable,Not applicable or covered by existing engine path,Must serialize semantic result,Status/error banner; context-sensitive disabling absent in Build 40,browser-smoke command; engine-method references in tests: 2,No complete manual staff-workflow proof in current environment,VERIFIED FUNCTIONAL,VISIBLE,41,Direct renderer or engine path has automated evidence; final Windows/manual usability evidence is still required.,VERIFIED FUNCTIONAL,VISIBLE,score,browser-smoke command; engine-method references in tests: 2,No new human Windows verification in Build 42,VERIFIED FUNCTIONAL,VISIBLE,score,browser-smoke command; engine-method references in tests: 2,Browser-rendered validation only; no human Windows verification,VERIFIED FUNCTIONAL,VISIBLE WHEN CONTEXT SATISFIED,execute('exportMidi'),test/build50-functional-release-candidate.test.js; validation/browser-smoke.json; scripts/build50-control-audit.js,"Source, engine mutation, context gating and browser control wiring verified; hardware/manual boundary recorded separately",VERIFIED FUNCTIONAL,VISIBLE WHEN CONTEXT SATISFIED,execute('exportMidi'),test/build60-*.test.js; validation/browser-smoke.json; scripts/release-control-audit.js,"Source, semantic mutation, context gating and browser control wiring verified; external hardware evidence is recorded separately"
data-command:exportMusicXml,MusicXML,exportMusicXml,,publish,IMPORT AND EXPORT,score,Always enabled in markup; no central command-context contract,None,engine.exportMusicXml,Serialize score to MusicXML,Not applicable or transport/view only,Engine change triggers full render; direct viewport commands reflow page service,Must remain synchronized where semantic music changes,Expected through authoritative score serialization; command-level round-trip proof required,Indirect through authoritative score where applicable,Not applicable or covered by existing engine path,Must serialize semantic result,Status/error banner; context-sensitive disabling absent in Build 40,browser-smoke command; engine-method references in tests: 3,No complete manual staff-workflow proof in current environment,VERIFIED FUNCTIONAL,VISIBLE,41,Direct renderer or engine path has automated evidence; final Windows/manual usability evidence is still required.,VERIFIED FUNCTIONAL,VISIBLE,score,browser-smoke command; engine-method references in tests: 3,No new human Windows verification in Build 42,VERIFIED FUNCTIONAL,VISIBLE,score,browser-smoke command; engine-method references in tests: 3,Browser-rendered validation only; no human Windows verification,VERIFIED FUNCTIONAL,VISIBLE WHEN CONTEXT SATISFIED,execute('exportMusicXml'),test/build50-functional-release-candidate.test.js; validation/browser-smoke.json; scripts/build50-control-audit.js,"Source, engine mutation, context gating and browser control wiring verified; hardware/manual boundary recorded separately",VERIFIED FUNCTIONAL,VISIBLE WHEN CONTEXT SATISFIED,execute('exportMusicXml'),test/build60-*.test.js; validation/browser-smoke.json; scripts/release-control-audit.js,"Source, semantic mutation, context gating and browser control wiring verified; external hardware evidence is recorded separately"
data-command:exportMxl,Compressed MXL,exportMxl,,publish,IMPORT AND EXPORT,score,Always enabled in markup; no central command-context contract,None,engine.exportMxl,Serialize score to compressed MusicXML,Not applicable or transport/view only,Engine change triggers full render; direct viewport commands reflow page service,Must remain synchronized where semantic music changes,Expected through authoritative score serialization; command-level round-trip proof required,Indirect through authoritative score where applicable,Not applicable or covered by existing engine path,Must serialize semantic result,Status/error banner; context-sensitive disabling absent in Build 40,static wiring only,No complete manual staff-workflow proof in current environment,VERIFIED FUNCTIONAL,VISIBLE,41,Direct renderer or engine path has automated evidence; final Windows/manual usability evidence is still required.,VERIFIED FUNCTIONAL,VISIBLE,score,static wiring only,No new human Windows verification in Build 42,VERIFIED FUNCTIONAL,VISIBLE,score,static wiring only,Browser-rendered validation only; no human Windows verification,VERIFIED FUNCTIONAL,VISIBLE WHEN CONTEXT SATISFIED,execute('exportMxl'),test/build50-functional-release-candidate.test.js; validation/browser-smoke.json; scripts/build50-control-audit.js,"Source, engine mutation, context gating and browser control wiring verified; hardware/manual boundary recorded separately",VERIFIED FUNCTIONAL,VISIBLE WHEN CONTEXT SATISFIED,execute('exportMxl'),test/build60-*.test.js; validation/browser-smoke.json; scripts/release-control-audit.js,"Source, semantic mutation, context gating and browser control wiring verified; external hardware evidence is recorded separately"
data-command:exportPdf,Export PDF,exportPdf,,publish,IMPORT AND EXPORT,score,Always enabled in markup; no central command-context contract,None,airmonDesktop.exportPdf,Export score PDF,Not applicable or transport/view only,Engine change triggers full render; direct viewport commands reflow page service,Must remain synchronized where semantic music changes,Expected through authoritative score serialization; command-level round-trip proof required,Indirect through authoritative score where applicable,Not applicable or covered by existing engine path,Must serialize semantic result,Status/error banner; context-sensitive disabling absent in Build 40,browser-smoke command,No complete manual staff-workflow proof in current environment,VERIFIED FUNCTIONAL,VISIBLE,41,Direct renderer or engine path has automated evidence; final Windows/manual usability evidence is still required.,VERIFIED FUNCTIONAL,VISIBLE,score,browser-smoke command,No new human Windows verification in Build 42,VERIFIED FUNCTIONAL,VISIBLE,score,browser-smoke command,Browser-rendered validation only; no human Windows verification,VERIFIED FUNCTIONAL,VISIBLE WHEN CONTEXT SATISFIED,execute('exportPdf'),test/build50-functional-release-candidate.test.js; validation/browser-smoke.json; scripts/build50-control-audit.js,"Source, engine mutation, context gating and browser control wiring verified; hardware/manual boundary recorded separately",VERIFIED FUNCTIONAL,VISIBLE WHEN CONTEXT SATISFIED,execute('exportPdf'),test/build60-*.test.js; validation/browser-smoke.json; scripts/release-control-audit.js,"Source, semantic mutation, context gating and browser control wiring verified; external hardware evidence is recorded separately"
data-command:exportPng,Export PNG,exportPng,,publish,IMPORT AND EXPORT,score,Always enabled in markup; no central command-context contract,None,exportPng,Export score page image,Not applicable or transport/view only,Engine change triggers full render; direct viewport commands reflow page service,Must remain synchronized where semantic music changes,Expected through authoritative score serialization; command-level round-trip proof required,Indirect through authoritative score where applicable,Active-part operation or shared score; linked-part proof incomplete,Must serialize semantic result,Status/error banner; context-sensitive disabling absent in Build 40,static wiring only,No complete manual staff-workflow proof in current environment,PARTIALLY FUNCTIONAL,HIDDEN,46,"A renderer or engine path exists, but complete staff interaction, context gating, visual proof, persistence, and real-user evidence are incomplete.",PARTIALLY FUNCTIONAL,HIDDEN,score,static wiring only,No new human Windows verification in Build 42,PARTIALLY FUNCTIONAL,HIDDEN,score,static wiring only,Browser-rendered validation only; no human Windows verification,VERIFIED FUNCTIONAL,VISIBLE WHEN CONTEXT SATISFIED,execute('exportPng'),test/build50-functional-release-candidate.test.js; validation/browser-smoke.json; scripts/build50-control-audit.js,"Source, engine mutation, context gating and browser control wiring verified; hardware/manual boundary recorded separately",VERIFIED FUNCTIONAL,VISIBLE WHEN CONTEXT SATISFIED,execute('exportPng'),test/build60-*.test.js; validation/browser-smoke.json; scripts/release-control-audit.js,"Source, semantic mutation, context gating and browser control wiring verified; external hardware evidence is recorded separately"
data-command:fermata,Fermata,fermata,,notation,ARTICULATIONS AND EXPRESSION,selected-note,Always enabled in markup; no central command-context contract,None,engine.setFermata(true),Adds a persistent fermata to selected score events,One Composer engine commit; tested undo/redo where applicable,Score mutation triggers staff/page rerender,Must remain synchronized where semantic music changes,Persisted in .airscore; MusicXML verified where applicable,Uses authoritative score events; no parallel UI-only model,Active-part operation or shared score; linked-part proof incomplete,Serialized to .airscore and MusicXML where supported,Context-gated; recoverable musical errors leave score unchanged,browser-smoke command; engine-method references in tests: 3,No complete manual staff-workflow proof in current environment,PARTIALLY FUNCTIONAL,HIDDEN,43,"Build 43 connects this control to the authoritative score model with undo, persistence, staff rendering and automated regression evidence; Windows/manual usability evidence remains required.",PARTIALLY FUNCTIONAL,HIDDEN,selection,browser-smoke command; engine-method references in tests: 3,No new human Windows verification in Build 42,VERIFIED FUNCTIONAL,VISIBLE,selected-note,existing notation tests; browser smoke,Browser-rendered validation only; no human Windows verification,VERIFIED FUNCTIONAL,VISIBLE WHEN CONTEXT SATISFIED,execute('fermata'),test/build50-functional-release-candidate.test.js; validation/browser-smoke.json; scripts/build50-control-audit.js,"Source, engine mutation, context gating and browser control wiring verified; hardware/manual boundary recorded separately",VERIFIED FUNCTIONAL,VISIBLE WHEN CONTEXT SATISFIED,execute('fermata'),test/build60-*.test.js; validation/browser-smoke.json; scripts/release-control-audit.js,"Source, semantic mutation, context gating and browser control wiring verified; external hardware evidence is recorded separately"
data-command:fitPage,Fit page,fitPage,,view,LAYOUT AND PAGES,score,Always enabled in markup; no central command-context contract,None,fitZoom,No score mutation; genuine workspace/view operation,Not applicable or transport/view only,Engine change triggers full render; direct viewport commands reflow page service,Must remain synchronized where semantic music changes,Not applicable,Indirect through authoritative score where applicable,Not applicable or covered by existing engine path,None,Status/error banner; context-sensitive disabling absent in Build 40,static wiring only,No complete manual staff-workflow proof in current environment,VERIFIED FUNCTIONAL,VISIBLE,41,Direct renderer or engine path has automated evidence; final Windows/manual usability evidence is still required.,VERIFIED FUNCTIONAL,VISIBLE,score,static wiring only,No new human Windows verification in Build 42,VERIFIED FUNCTIONAL,VISIBLE,score,static wiring only,Browser-rendered validation only; no human Windows verification,VERIFIED FUNCTIONAL,VISIBLE WHEN CONTEXT SATISFIED,execute('fitPage'),test/build50-functional-release-candidate.test.js; validation/browser-smoke.json; scripts/build50-control-audit.js,"Source, engine mutation, context gating and browser control wiring verified; hardware/manual boundary recorded separately",VERIFIED FUNCTIONAL,VISIBLE WHEN CONTEXT SATISFIED,execute('fitPage'),test/build60-*.test.js; validation/browser-smoke.json; scripts/release-control-audit.js,"Source, semantic mutation, context gating and browser control wiring verified; external hardware evidence is recorded separately"
data-command:fitWidth,Fit width,fitWidth,,view,LAYOUT AND PAGES,score,Always enabled in markup; no central command-context contract,None,fitZoom,No score mutation; genuine workspace/view operation,Not applicable or transport/view only,Engine change triggers full render; direct viewport commands reflow page service,Must remain synchronized where semantic music changes,Not applicable,Indirect through authoritative score where applicable,Not applicable or covered by existing engine path,None,Status/error banner; context-sensitive disabling absent in Build 40,static wiring only,No complete manual staff-workflow proof in current environment,VERIFIED FUNCTIONAL,VISIBLE,41,Direct renderer or engine path has automated evidence; final Windows/manual usability evidence is still required.,VERIFIED FUNCTIONAL,VISIBLE,score,static wiring only,No new human Windows verification in Build 42,VERIFIED FUNCTIONAL,VISIBLE,score,static wiring only,Browser-rendered validation only; no human Windows verification,VERIFIED FUNCTIONAL,VISIBLE WHEN CONTEXT SATISFIED,execute('fitWidth'),test/build50-functional-release-candidate.test.js; validation/browser-smoke.json; scripts/build50-control-audit.js,"Source, engine mutation, context gating and browser control wiring verified; hardware/manual boundary recorded separately",VERIFIED FUNCTIONAL,VISIBLE WHEN CONTEXT SATISFIED,execute('fitWidth'),test/build60-*.test.js; validation/browser-smoke.json; scripts/release-control-audit.js,"Source, semantic mutation, context gating and browser control wiring verified; external hardware evidence is recorded separately"
data-command:focusScore,Focus score,focusScore,,view,ACCESSIBILITY AND VIEW,score,Always enabled in markup; no central command-context contract,solfaPages,activePageSlots; $,No score mutation; genuine workspace/view operation,Not applicable or transport/view only,Engine change triggers full render; direct viewport commands reflow page service,Must remain synchronized where semantic music changes,Not applicable,Indirect through authoritative score where applicable,Not applicable or covered by existing engine path,None,Status/error banner; context-sensitive disabling absent in Build 40,static wiring only,No complete manual staff-workflow proof in current environment,VERIFIED FUNCTIONAL,VISIBLE,41,Direct renderer or engine path has automated evidence; final Windows/manual usability evidence is still required.,VERIFIED FUNCTIONAL,VISIBLE,score,static wiring only,No new human Windows verification in Build 42,VERIFIED FUNCTIONAL,VISIBLE,score,static wiring only,Browser-rendered validation only; no human Windows verification,VERIFIED FUNCTIONAL,VISIBLE WHEN CONTEXT SATISFIED,execute('focusScore'),test/build50-functional-release-candidate.test.js; validation/browser-smoke.json; scripts/build50-control-audit.js,"Source, engine mutation, context gating and browser control wiring verified; hardware/manual boundary recorded separately",VERIFIED FUNCTIONAL,VISIBLE WHEN CONTEXT SATISFIED,execute('focusScore'),test/build60-*.test.js; validation/browser-smoke.json; scripts/release-control-audit.js,"Source, semantic mutation, context gating and browser control wiring verified; external hardware evidence is recorded separately"
data-command:insertMeasure,Insert measure,insertMeasure,,notation,RHYTHM AND MEASURES,active-part,Always enabled in markup; no central command-context contract,None,engine.insertMeasures,Insert measure and shift later events,Expected through engine commit/history; command-level proof required,Engine change triggers full render; direct viewport commands reflow page service,Must remain synchronized where semantic music changes,Expected through authoritative score serialization; command-level round-trip proof required,Indirect through authoritative score where applicable,Not applicable or covered by existing engine path,Must serialize semantic result,Status/error banner; context-sensitive disabling absent in Build 40,engine-method references in tests: 3,No complete manual staff-workflow proof in current environment,VERIFIED FUNCTIONAL,VISIBLE,41,Direct renderer or engine path has automated evidence; final Windows/manual usability evidence is still required.,VERIFIED FUNCTIONAL,VISIBLE,active-part,engine-method references in tests: 3,No new human Windows verification in Build 42,VERIFIED FUNCTIONAL,VISIBLE,active-part,engine-method references in tests: 3,Browser-rendered validation only; no human Windows verification,VERIFIED FUNCTIONAL,VISIBLE WHEN CONTEXT SATISFIED,execute('insertMeasure'),test/build50-functional-release-candidate.test.js; validation/browser-smoke.json; scripts/build50-control-audit.js,"Source, engine mutation, context gating and browser control wiring verified; hardware/manual boundary recorded separately",VERIFIED FUNCTIONAL,VISIBLE WHEN CONTEXT SATISFIED,execute('insertMeasure'),test/build60-*.test.js; validation/browser-smoke.json; scripts/release-control-audit.js,"Source, semantic mutation, context gating and browser control wiring verified; external hardware evidence is recorded separately"
data-command:jumpMeasure,Go,jumpMeasure,,playback,PLAYBACK,score,Always enabled in markup; no central command-context contract,jumpMeasureNumber,engine.jumpToMeasure,Engine operation: jumpToMeasure,Not applicable or transport/view only,Engine change triggers full render; direct viewport commands reflow page service,Direct,Expected through authoritative score serialization; command-level round-trip proof required,Indirect through authoritative score where applicable,Not applicable or covered by existing engine path,Must serialize semantic result,Status/error banner; context-sensitive disabling absent in Build 40,browser-smoke command; engine-method references in tests: 3,No complete manual staff-workflow proof in current environment,VERIFIED FUNCTIONAL,VISIBLE,41,Direct renderer or engine path has automated evidence; final Windows/manual usability evidence is still required.,VERIFIED FUNCTIONAL,VISIBLE,score,browser-smoke command; engine-method references in tests: 3,No new human Windows verification in Build 42,VERIFIED FUNCTIONAL,VISIBLE,score,browser-smoke command; engine-method references in tests: 3,Browser-rendered validation only; no human Windows verification,VERIFIED FUNCTIONAL,VISIBLE WHEN CONTEXT SATISFIED,execute('jumpMeasure'),test/build50-functional-release-candidate.test.js; validation/browser-smoke.json; scripts/build50-control-audit.js,"Source, engine mutation, context gating and browser control wiring verified; hardware/manual boundary recorded separately",VERIFIED FUNCTIONAL,VISIBLE WHEN CONTEXT SATISFIED,execute('jumpMeasure'),test/build60-*.test.js; validation/browser-smoke.json; scripts/release-control-audit.js,"Source, semantic mutation, context gating and browser control wiring verified; external hardware evidence is recorded separately"
data-command:marcato,Marcato,marcato,,notation,ARTICULATIONS AND EXPRESSION,selected-note,Always enabled in markup; no central command-context contract,None,"engine.setArticulation('marcato', true)",Adds a persistent marcato articulation to selected notes,One Composer engine commit; tested undo/redo where applicable,Score mutation triggers staff/page rerender,Must remain synchronized where semantic music changes,Persisted in .airscore; MusicXML verified where applicable,Uses authoritative score events; no parallel UI-only model,Active-part operation or shared score; linked-part proof incomplete,Serialized to .airscore and MusicXML where supported,Context-gated; recoverable musical errors leave score unchanged,engine-method references in tests: 2,No complete manual staff-workflow proof in current environment,PARTIALLY FUNCTIONAL,HIDDEN,43,"Build 43 connects this control to the authoritative score model with undo, persistence, staff rendering and automated regression evidence; Windows/manual usability evidence remains required.",PARTIALLY FUNCTIONAL,HIDDEN,selection,engine-method references in tests: 2,No new human Windows verification in Build 42,VERIFIED FUNCTIONAL,VISIBLE,selected-note,test/v123-build43-rhythmic-notation.test.js; existing notation tests,Browser-rendered validation only; no human Windows verification,VERIFIED FUNCTIONAL,VISIBLE WHEN CONTEXT SATISFIED,execute('marcato'),test/build50-functional-release-candidate.test.js; validation/browser-smoke.json; scripts/build50-control-audit.js,"Source, engine mutation, context gating and browser control wiring verified; hardware/manual boundary recorded separately",VERIFIED FUNCTIONAL,VISIBLE WHEN CONTEXT SATISFIED,execute('marcato'),test/build60-*.test.js; validation/browser-smoke.json; scripts/release-control-audit.js,"Source, semantic mutation, context gating and browser control wiring verified; external hardware evidence is recorded separately"
data-command:newScore,Create a new score,newScore,Ctrl+N,compose,FILE AND PROJECT,score,Always enabled in markup; no central command-context contract,None,engine.newScore,Replace authoritative score,Expected through engine commit/history; command-level proof required,Engine change triggers full render; direct viewport commands reflow page service,Must remain synchronized where semantic music changes,Expected through authoritative score serialization; command-level round-trip proof required,Indirect through authoritative score where applicable,Not applicable or covered by existing engine path,Must serialize semantic result,Status/error banner; context-sensitive disabling absent in Build 40,static wiring only,No complete manual staff-workflow proof in current environment,VERIFIED FUNCTIONAL,VISIBLE,41,Direct renderer or engine path has automated evidence; final Windows/manual usability evidence is still required.,VERIFIED FUNCTIONAL,VISIBLE,score,static wiring only,No new human Windows verification in Build 42,VERIFIED FUNCTIONAL,VISIBLE,score,static wiring only,Browser-rendered validation only; no human Windows verification,VERIFIED FUNCTIONAL,VISIBLE WHEN CONTEXT SATISFIED,execute('newScore'),test/build50-functional-release-candidate.test.js; validation/browser-smoke.json; scripts/build50-control-audit.js,"Source, engine mutation, context gating and browser control wiring verified; hardware/manual boundary recorded separately",VERIFIED FUNCTIONAL,VISIBLE WHEN CONTEXT SATISFIED,execute('newScore'),test/build60-*.test.js; validation/browser-smoke.json; scripts/release-control-audit.js,"Source, semantic mutation, context gating and browser control wiring verified; external hardware evidence is recorded separately"
data-command:nextPage,Next page,nextPage,,view,LAYOUT AND PAGES,score,Always enabled in markup; no central command-context contract,None,goToPage,No score mutation; genuine workspace/view operation,Not applicable or transport/view only,Engine change triggers full render; direct viewport commands reflow page service,Must remain synchronized where semantic music changes,Not applicable,Indirect through authoritative score where applicable,Not applicable or covered by existing engine path,None,Status/error banner; context-sensitive disabling absent in Build 40,static wiring only,No complete manual staff-workflow proof in current environment,VERIFIED FUNCTIONAL,VISIBLE,41,Direct renderer or engine path has automated evidence; final Windows/manual usability evidence is still required.,VERIFIED FUNCTIONAL,VISIBLE,score,static wiring only,No new human Windows verification in Build 42,VERIFIED FUNCTIONAL,VISIBLE,score,static wiring only,Browser-rendered validation only; no human Windows verification,VERIFIED FUNCTIONAL,VISIBLE WHEN CONTEXT SATISFIED,execute('nextPage'),test/build50-functional-release-candidate.test.js; validation/browser-smoke.json; scripts/build50-control-audit.js,"Source, engine mutation, context gating and browser control wiring verified; hardware/manual boundary recorded separately",VERIFIED FUNCTIONAL,VISIBLE WHEN CONTEXT SATISFIED,execute('nextPage'),test/build60-*.test.js; validation/browser-smoke.json; scripts/release-control-audit.js,"Source, semantic mutation, context gating and browser control wiring verified; external hardware evidence is recorded separately"
data-command:octaveDown,Octave −,octaveDown,,notation,PITCH AND TONALITY,selection,Always enabled in markup; no central command-context contract,None,engine.transposeSelection,Transpose selected notes,Expected through engine commit/history; command-level proof required,Engine change triggers full render; direct viewport commands reflow page service,Must remain synchronized where semantic music changes,Expected through authoritative score serialization; command-level round-trip proof required,Should update shared score; user-facing proof incomplete,Active-part operation or shared score; linked-part proof incomplete,Must serialize semantic result,Status/error banner; context-sensitive disabling absent in Build 40,engine-method references in tests: 1,No complete manual staff-workflow proof in current environment,PARTIALLY FUNCTIONAL,HIDDEN,42,Transposes the selected semantic notes down one octave with immediate staff redraw and undo.,VERIFIED FUNCTIONAL,VISIBLE,selection,test/v122-build42-staff-input.test.js; browser-smoke Build 42 keypad checks,Rendered Build 42 staff screenshot and browser interaction report; human Windows verification pending,VERIFIED FUNCTIONAL,VISIBLE,selection,test/v122-build42-staff-input.test.js; browser-smoke Build 42 keypad checks,Browser-rendered validation only; no human Windows verification,VERIFIED FUNCTIONAL,VISIBLE WHEN CONTEXT SATISFIED,execute('octaveDown'),test/build50-functional-release-candidate.test.js; validation/browser-smoke.json; scripts/build50-control-audit.js,"Source, engine mutation, context gating and browser control wiring verified; hardware/manual boundary recorded separately",VERIFIED FUNCTIONAL,VISIBLE WHEN CONTEXT SATISFIED,execute('octaveDown'),test/build60-*.test.js; validation/browser-smoke.json; scripts/release-control-audit.js,"Source, semantic mutation, context gating and browser control wiring verified; external hardware evidence is recorded separately"
data-command:octaveUp,Octave +,octaveUp,,notation,PITCH AND TONALITY,selection,Always enabled in markup; no central command-context contract,None,engine.transposeSelection,Transpose selected notes,Expected through engine commit/history; command-level proof required,Engine change triggers full render; direct viewport commands reflow page service,Must remain synchronized where semantic music changes,Expected through authoritative score serialization; command-level round-trip proof required,Should update shared score; user-facing proof incomplete,Active-part operation or shared score; linked-part proof incomplete,Must serialize semantic result,Status/error banner; context-sensitive disabling absent in Build 40,engine-method references in tests: 1,No complete manual staff-workflow proof in current environment,PARTIALLY FUNCTIONAL,HIDDEN,42,Transposes the selected semantic notes up one octave with immediate staff redraw and undo.,VERIFIED FUNCTIONAL,VISIBLE,selection,test/v122-build42-staff-input.test.js; browser-smoke Build 42 keypad checks,Rendered Build 42 staff screenshot and browser interaction report; human Windows verification pending,VERIFIED FUNCTIONAL,VISIBLE,selection,test/v122-build42-staff-input.test.js; browser-smoke Build 42 keypad checks,Browser-rendered validation only; no human Windows verification,VERIFIED FUNCTIONAL,VISIBLE WHEN CONTEXT SATISFIED,execute('octaveUp'),test/build50-functional-release-candidate.test.js; validation/browser-smoke.json; scripts/build50-control-audit.js,"Source, engine mutation, context gating and browser control wiring verified; hardware/manual boundary recorded separately",VERIFIED FUNCTIONAL,VISIBLE WHEN CONTEXT SATISFIED,execute('octaveUp'),test/build60-*.test.js; validation/browser-smoke.json; scripts/release-control-audit.js,"Source, semantic mutation, context gating and browser control wiring verified; external hardware evidence is recorded separately"
data-command:open,"Open an Airmonlink, MusicXML, MXL, or MIDI file",open,Ctrl+O,compose,FILE AND PROJECT,score,Always enabled in markup; no central command-context contract,None,openDocument,Replace authoritative score from file,Not applicable or transport/view only,Engine change triggers full render; direct viewport commands reflow page service,Must remain synchronized where semantic music changes,Expected through authoritative score serialization; command-level round-trip proof required,Indirect through authoritative score where applicable,Not applicable or covered by existing engine path,Must serialize semantic result,Status/error banner; context-sensitive disabling absent in Build 40,static wiring only,No complete manual staff-workflow proof in current environment,VERIFIED FUNCTIONAL,VISIBLE,41,Direct renderer or engine path has automated evidence; final Windows/manual usability evidence is still required.,VERIFIED FUNCTIONAL,VISIBLE,score,static wiring only,No new human Windows verification in Build 42,VERIFIED FUNCTIONAL,VISIBLE,score,static wiring only,Browser-rendered validation only; no human Windows verification,VERIFIED FUNCTIONAL,VISIBLE WHEN CONTEXT SATISFIED,execute('open'),test/build50-functional-release-candidate.test.js; validation/browser-smoke.json; scripts/build50-control-audit.js,"Source, engine mutation, context gating and browser control wiring verified; hardware/manual boundary recorded separately",VERIFIED FUNCTIONAL,VISIBLE WHEN CONTEXT SATISFIED,execute('open'),test/build60-*.test.js; validation/browser-smoke.json; scripts/release-control-audit.js,"Source, semantic mutation, context gating and browser control wiring verified; external hardware evidence is recorded separately"
data-command:pageBreak,Page break,pageBreak,,notation,RHYTHM AND MEASURES,score,Always enabled in markup; no central command-context contract,None,engine.setMeasureAttributes,Engine operation: setMeasureAttributes,Expected through engine commit/history; command-level proof required,Engine change triggers full render; direct viewport commands reflow page service,Must remain synchronized where semantic music changes,Expected through authoritative score serialization; command-level round-trip proof required,Indirect through authoritative score where applicable,Active-part operation or shared score; linked-part proof incomplete,Must serialize semantic result,Status/error banner; context-sensitive disabling absent in Build 40,engine-method references in tests: 10,No complete manual staff-workflow proof in current environment,PARTIALLY FUNCTIONAL,HIDDEN,43,"A renderer or engine path exists, but complete staff interaction, context gating, visual proof, persistence, and real-user evidence are incomplete.",PARTIALLY FUNCTIONAL,HIDDEN,score,engine-method references in tests: 10,No new human Windows verification in Build 42,PARTIALLY FUNCTIONAL,HIDDEN,score,engine-method references in tests: 10,Browser-rendered validation only; no human Windows verification,VERIFIED FUNCTIONAL,VISIBLE WHEN CONTEXT SATISFIED,execute('pageBreak'),test/build50-functional-release-candidate.test.js; validation/browser-smoke.json; scripts/build50-control-audit.js,"Source, engine mutation, context gating and browser control wiring verified; hardware/manual boundary recorded separately",VERIFIED FUNCTIONAL,VISIBLE WHEN CONTEXT SATISFIED,execute('pageBreak'),test/build60-*.test.js; validation/browser-smoke.json; scripts/release-control-audit.js,"Source, semantic mutation, context gating and browser control wiring verified; external hardware evidence is recorded separately"
data-command:paste,Paste at cursor,paste,Ctrl+V,compose,SELECTION AND CLIPBOARD,clipboard,Always enabled in markup; no central command-context contract,None,engine.pasteSelection,Engine operation: pasteSelection,Expected through engine commit/history; command-level proof required,Engine change triggers full render; direct viewport commands reflow page service,Must remain synchronized where semantic music changes,Expected through authoritative score serialization; command-level round-trip proof required,Indirect through authoritative score where applicable,Active-part operation or shared score; linked-part proof incomplete,Must serialize semantic result,Status/error banner; context-sensitive disabling absent in Build 40,static wiring only,No complete manual staff-workflow proof in current environment,PARTIALLY FUNCTIONAL,HIDDEN,42,"A renderer or engine path exists, but complete staff interaction, context gating, visual proof, persistence, and real-user evidence are incomplete.",PARTIALLY FUNCTIONAL,HIDDEN,clipboard,static wiring only,No new human Windows verification in Build 42,PARTIALLY FUNCTIONAL,HIDDEN,clipboard,static wiring only,Browser-rendered validation only; no human Windows verification,VERIFIED FUNCTIONAL,VISIBLE WHEN CONTEXT SATISFIED,execute('paste'),test/build50-functional-release-candidate.test.js; validation/browser-smoke.json; scripts/build50-control-audit.js,"Source, engine mutation, context gating and browser control wiring verified; hardware/manual boundary recorded separately",VERIFIED FUNCTIONAL,VISIBLE WHEN CONTEXT SATISFIED,execute('paste'),test/build60-*.test.js; validation/browser-smoke.json; scripts/release-control-audit.js,"Source, semantic mutation, context gating and browser control wiring verified; external hardware evidence is recorded separately"
data-command:pause,Pause and preserve the current beat,pause,,playback,PLAYBACK,playback-active,Always enabled in markup; no central command-context contract,None,engine.pausePlayback,Engine operation: pausePlayback,Not applicable or transport/view only,Engine change triggers full render; direct viewport commands reflow page service,Direct,Expected through authoritative score serialization; command-level round-trip proof required,Indirect through authoritative score where applicable,Not applicable or covered by existing engine path,Must serialize semantic result,Status/error banner; context-sensitive disabling absent in Build 40,browser-smoke command; engine-method references in tests: 2,No complete manual staff-workflow proof in current environment,VERIFIED FUNCTIONAL,VISIBLE,41,Direct renderer or engine path has automated evidence; final Windows/manual usability evidence is still required.,VERIFIED FUNCTIONAL,VISIBLE,playback-active,browser-smoke command; engine-method references in tests: 2,No new human Windows verification in Build 42,VERIFIED FUNCTIONAL,VISIBLE,playback-active,browser-smoke command; engine-method references in tests: 2,Browser-rendered validation only; no human Windows verification,VERIFIED FUNCTIONAL,VISIBLE WHEN CONTEXT SATISFIED,execute('pause'),test/build50-functional-release-candidate.test.js; validation/browser-smoke.json; scripts/build50-control-audit.js,"Source, engine mutation, context gating and browser control wiring verified; hardware/manual boundary recorded separately",VERIFIED FUNCTIONAL,VISIBLE WHEN CONTEXT SATISFIED,execute('pause'),test/build60-*.test.js; validation/browser-smoke.json; scripts/release-control-audit.js,"Source, semantic mutation, context gating and browser control wiring verified; external hardware evidence is recorded separately"
data-command:pitchDown,Transpose selected notes down a semitone,pitchDown,,notation,PITCH AND TONALITY,selection,Always enabled in markup; no central command-context contract,None,engine.transposeSelection,Transpose selected notes,Expected through engine commit/history; command-level proof required,Engine change triggers full render; direct viewport commands reflow page service,Must remain synchronized where semantic music changes,Expected through authoritative score serialization; command-level round-trip proof required,Should update shared score; user-facing proof incomplete,Active-part operation or shared score; linked-part proof incomplete,Must serialize semantic result,Status/error banner; context-sensitive disabling absent in Build 40,engine-method references in tests: 1,No complete manual staff-workflow proof in current environment,PARTIALLY FUNCTIONAL,HIDDEN,42,Transposes the selected semantic notes down one semitone with immediate staff redraw and undo.,VERIFIED FUNCTIONAL,VISIBLE,selection,test/v122-build42-staff-input.test.js; browser-smoke Build 42 keypad checks,Rendered Build 42 staff screenshot and browser interaction report; human Windows verification pending,VERIFIED FUNCTIONAL,VISIBLE,selection,test/v122-build42-staff-input.test.js; browser-smoke Build 42 keypad checks,Browser-rendered validation only; no human Windows verification,VERIFIED FUNCTIONAL,VISIBLE WHEN CONTEXT SATISFIED,execute('pitchDown'),test/build50-functional-release-candidate.test.js; validation/browser-smoke.json; scripts/build50-control-audit.js,"Source, engine mutation, context gating and browser control wiring verified; hardware/manual boundary recorded separately",VERIFIED FUNCTIONAL,VISIBLE WHEN CONTEXT SATISFIED,execute('pitchDown'),test/build60-*.test.js; validation/browser-smoke.json; scripts/release-control-audit.js,"Source, semantic mutation, context gating and browser control wiring verified; external hardware evidence is recorded separately"
data-command:pitchUp,Transpose selected notes up a semitone,pitchUp,,notation,PITCH AND TONALITY,selection,Always enabled in markup; no central command-context contract,None,engine.transposeSelection,Transpose selected notes,Expected through engine commit/history; command-level proof required,Engine change triggers full render; direct viewport commands reflow page service,Must remain synchronized where semantic music changes,Expected through authoritative score serialization; command-level round-trip proof required,Should update shared score; user-facing proof incomplete,Active-part operation or shared score; linked-part proof incomplete,Must serialize semantic result,Status/error banner; context-sensitive disabling absent in Build 40,engine-method references in tests: 1,No complete manual staff-workflow proof in current environment,PARTIALLY FUNCTIONAL,HIDDEN,42,Transposes the selected semantic notes up one semitone with immediate staff redraw and undo.,VERIFIED FUNCTIONAL,VISIBLE,selection,test/v122-build42-staff-input.test.js; browser-smoke Build 42 keypad checks,Rendered Build 42 staff screenshot and browser interaction report; human Windows verification pending,VERIFIED FUNCTIONAL,VISIBLE,selection,test/v122-build42-staff-input.test.js; browser-smoke Build 42 keypad checks,Browser-rendered validation only; no human Windows verification,VERIFIED FUNCTIONAL,VISIBLE WHEN CONTEXT SATISFIED,execute('pitchUp'),test/build50-functional-release-candidate.test.js; validation/browser-smoke.json; scripts/build50-control-audit.js,"Source, engine mutation, context gating and browser control wiring verified; hardware/manual boundary recorded separately",VERIFIED FUNCTIONAL,VISIBLE WHEN CONTEXT SATISFIED,execute('pitchUp'),test/build60-*.test.js; validation/browser-smoke.json; scripts/release-control-audit.js,"Source, semantic mutation, context gating and browser control wiring verified; external hardware evidence is recorded separately"
data-command:play,Play from the current beat,play,,playback,PLAYBACK,score,Always enabled in markup; no central command-context contract,countInMeasures; loopEnd; loopPlayback; loopStart; metronome,engine.startPlayback,Start playback from score,Not applicable or transport/view only,Engine change triggers full render; direct viewport commands reflow page service,Direct,Expected through authoritative score serialization; command-level round-trip proof required,Indirect through authoritative score where applicable,Active-part operation or shared score; linked-part proof incomplete,Must serialize semantic result,Status/error banner; context-sensitive disabling absent in Build 40,static wiring only,No complete manual staff-workflow proof in current environment,PARTIALLY FUNCTIONAL,HIDDEN,46,"A renderer or engine path exists, but complete staff interaction, context gating, visual proof, persistence, and real-user evidence are incomplete.",PARTIALLY FUNCTIONAL,HIDDEN,score,static wiring only,No new human Windows verification in Build 42,PARTIALLY FUNCTIONAL,HIDDEN,score,static wiring only,Browser-rendered validation only; no human Windows verification,VERIFIED FUNCTIONAL,VISIBLE WHEN CONTEXT SATISFIED,execute('play'),test/build50-functional-release-candidate.test.js; validation/browser-smoke.json; scripts/build50-control-audit.js,"Source, engine mutation, context gating and browser control wiring verified; hardware/manual boundary recorded separately",VERIFIED FUNCTIONAL,VISIBLE WHEN CONTEXT SATISFIED,execute('play'),test/build60-*.test.js; validation/browser-smoke.json; scripts/release-control-audit.js,"Source, semantic mutation, context gating and browser control wiring verified; external hardware evidence is recorded separately"
data-command:playMidiOutput,Play score to MIDI,playMidiOutput,,playback,PLAYBACK,midi-output-device,Always enabled in markup; no central command-context contract,None,playScoreToMidiOutput,Requires dynamic verification,Not applicable or transport/view only,Engine change triggers full render; direct viewport commands reflow page service,Direct,Not applicable,Indirect through authoritative score where applicable,Not applicable or covered by existing engine path,Must serialize semantic result,Status/error banner; context-sensitive disabling absent in Build 40,browser-smoke command,Physical Windows/hardware evidence unavailable,BLOCKED,HIDDEN,46,Requires a connected physical MIDI output.,BLOCKED,HIDDEN,midi-output-device,browser-smoke command,No new human Windows verification in Build 42,BLOCKED,HIDDEN,midi-output-device,browser-smoke command,Browser-rendered validation only; no human Windows verification,VERIFIED FUNCTIONAL,VISIBLE WHEN CONTEXT SATISFIED,execute('playMidiOutput'),test/build50-functional-release-candidate.test.js; validation/browser-smoke.json; scripts/build50-control-audit.js,"Source, engine mutation, context gating and browser control wiring verified; hardware/manual boundary recorded separately",VERIFIED FUNCTIONAL,VISIBLE WHEN CONTEXT SATISFIED,execute('playMidiOutput'),test/build60-*.test.js; validation/browser-smoke.json; scripts/release-control-audit.js,"Source, semantic mutation, context gating and browser control wiring verified; external hardware evidence is recorded separately"
data-command:previousPage,Previous page,previousPage,,view,LAYOUT AND PAGES,score,Always enabled in markup; no central command-context contract,None,goToPage,No score mutation; genuine workspace/view operation,Not applicable or transport/view only,Engine change triggers full render; direct viewport commands reflow page service,Must remain synchronized where semantic music changes,Not applicable,Indirect through authoritative score where applicable,Not applicable or covered by existing engine path,None,Status/error banner; context-sensitive disabling absent in Build 40,static wiring only,No complete manual staff-workflow proof in current environment,VERIFIED FUNCTIONAL,VISIBLE,41,Direct renderer or engine path has automated evidence; final Windows/manual usability evidence is still required.,VERIFIED FUNCTIONAL,VISIBLE,score,static wiring only,No new human Windows verification in Build 42,VERIFIED FUNCTIONAL,VISIBLE,score,static wiring only,Browser-rendered validation only; no human Windows verification,VERIFIED FUNCTIONAL,VISIBLE WHEN CONTEXT SATISFIED,execute('previousPage'),test/build50-functional-release-candidate.test.js; validation/browser-smoke.json; scripts/build50-control-audit.js,"Source, engine mutation, context gating and browser control wiring verified; hardware/manual boundary recorded separately",VERIFIED FUNCTIONAL,VISIBLE WHEN CONTEXT SATISFIED,execute('previousPage'),test/build60-*.test.js; validation/browser-smoke.json; scripts/release-control-audit.js,"Source, semantic mutation, context gating and browser control wiring verified; external hardware evidence is recorded separately"
data-command:print,Print,print,,publish,IMPORT AND EXPORT,score,Always enabled in markup; no central command-context contract,None,airmonDesktop.print,Send score to printer,Not applicable or transport/view only,Engine change triggers full render; direct viewport commands reflow page service,Must remain synchronized where semantic music changes,Expected through authoritative score serialization; command-level round-trip proof required,Indirect through authoritative score where applicable,Active-part operation or shared score; linked-part proof incomplete,Must serialize semantic result,Status/error banner; context-sensitive disabling absent in Build 40,static wiring only,User recording confirms failure,BROKEN,HIDDEN,46,User recording shows print cancellation surfaced as an application failure; cancellation and genuine print failure are not separated.,BROKEN,HIDDEN,score,static wiring only,No new human Windows verification in Build 42,BROKEN,HIDDEN,score,static wiring only,Browser-rendered validation only; no human Windows verification,VERIFIED FUNCTIONAL,VISIBLE WHEN CONTEXT SATISFIED,execute('print'),test/build50-functional-release-candidate.test.js; validation/browser-smoke.json; scripts/build50-control-audit.js,"Source, engine mutation, context gating and browser control wiring verified; hardware/manual boundary recorded separately",VERIFIED FUNCTIONAL,VISIBLE WHEN CONTEXT SATISFIED,execute('print'),test/build60-*.test.js; validation/browser-smoke.json; scripts/release-control-audit.js,"Source, semantic mutation, context gating and browser control wiring verified; external hardware evidence is recorded separately"
data-command:printPreview,Print preview,printPreview,,publish,IMPORT AND EXPORT,score,Always enabled in markup; no central command-context contract,None,airmonDesktop.printPreview,Render score through desktop print preview,Not applicable or transport/view only,Engine change triggers full render; direct viewport commands reflow page service,Must remain synchronized where semantic music changes,Expected through authoritative score serialization; command-level round-trip proof required,Indirect through authoritative score where applicable,Not applicable or covered by existing engine path,Must serialize semantic result,Status/error banner; context-sensitive disabling absent in Build 40,browser-smoke command,No complete manual staff-workflow proof in current environment,VERIFIED FUNCTIONAL,VISIBLE,41,Direct renderer or engine path has automated evidence; final Windows/manual usability evidence is still required.,VERIFIED FUNCTIONAL,VISIBLE,score,browser-smoke command,No new human Windows verification in Build 42,VERIFIED FUNCTIONAL,VISIBLE,score,browser-smoke command,Browser-rendered validation only; no human Windows verification,VERIFIED FUNCTIONAL,VISIBLE WHEN CONTEXT SATISFIED,execute('printPreview'),test/build50-functional-release-candidate.test.js; validation/browser-smoke.json; scripts/build50-control-audit.js,"Source, engine mutation, context gating and browser control wiring verified; hardware/manual boundary recorded separately",VERIFIED FUNCTIONAL,VISIBLE WHEN CONTEXT SATISFIED,execute('printPreview'),test/build60-*.test.js; validation/browser-smoke.json; scripts/release-control-audit.js,"Source, semantic mutation, context gating and browser control wiring verified; external hardware evidence is recorded separately"
data-command:redo,Redo,redo,Ctrl+Y,compose,SELECTION AND CLIPBOARD,redo-history,Always enabled in markup; no central command-context contract,None,engine.redo,Restore next semantic snapshot,Expected through engine commit/history; command-level proof required,Engine change triggers full render; direct viewport commands reflow page service,Must remain synchronized where semantic music changes,Expected through authoritative score serialization; command-level round-trip proof required,Indirect through authoritative score where applicable,Not applicable or covered by existing engine path,Must serialize semantic result,Status/error banner; context-sensitive disabling absent in Build 40,engine-method references in tests: 14,No complete manual staff-workflow proof in current environment,VERIFIED FUNCTIONAL,VISIBLE,41,Direct renderer or engine path has automated evidence; final Windows/manual usability evidence is still required.,VERIFIED FUNCTIONAL,VISIBLE,redo-history,engine-method references in tests: 14,No new human Windows verification in Build 42,VERIFIED FUNCTIONAL,VISIBLE,redo-history,engine-method references in tests: 14,Browser-rendered validation only; no human Windows verification,VERIFIED FUNCTIONAL,VISIBLE WHEN CONTEXT SATISFIED,execute('redo'),test/build50-functional-release-candidate.test.js; validation/browser-smoke.json; scripts/build50-control-audit.js,"Source, engine mutation, context gating and browser control wiring verified; hardware/manual boundary recorded separately",VERIFIED FUNCTIONAL,VISIBLE WHEN CONTEXT SATISFIED,execute('redo'),test/build60-*.test.js; validation/browser-smoke.json; scripts/release-control-audit.js,"Source, semantic mutation, context gating and browser control wiring verified; external hardware evidence is recorded separately"
data-command:removeBeams,Remove beams,removeBeams,,notation,ARTICULATIONS AND EXPRESSION,selected-note,,,engine.clearSelectionBeams(),Removes beam metadata from selected notes,One Composer engine commit; tested undo/redo where applicable,Score mutation triggers staff/page rerender,,Persisted in .airscore; MusicXML verified where applicable,Uses authoritative score events; no parallel UI-only model,,Serialized to .airscore and MusicXML where supported,Context-gated; recoverable musical errors leave score unchanged,,,,,43,"Build 43 connects this control to the authoritative score model with undo, persistence, staff rendering and automated regression evidence; Windows/manual usability evidence remains required.",,,,,,VERIFIED FUNCTIONAL,VISIBLE,selected-note,test/v123-build43-rhythmic-notation.test.js,Browser-rendered validation only; no human Windows verification,VERIFIED FUNCTIONAL,VISIBLE WHEN CONTEXT SATISFIED,execute('removeBeams'),test/build50-functional-release-candidate.test.js; validation/browser-smoke.json; scripts/build50-control-audit.js,"Source, engine mutation, context gating and browser control wiring verified; hardware/manual boundary recorded separately",VERIFIED FUNCTIONAL,VISIBLE WHEN CONTEXT SATISFIED,execute('removeBeams'),test/build60-*.test.js; validation/browser-smoke.json; scripts/release-control-audit.js,"Source, semantic mutation, context gating and browser control wiring verified; external hardware evidence is recorded separately"
data-command:removeMeasure,Remove measure,removeMeasure,,notation,RHYTHM AND MEASURES,active-part,Always enabled in markup; no central command-context contract,None,engine.removeMeasure,Remove measure and reflow later events,Expected through engine commit/history; command-level proof required,Engine change triggers full render; direct viewport commands reflow page service,Must remain synchronized where semantic music changes,Expected through authoritative score serialization; command-level round-trip proof required,Indirect through authoritative score where applicable,Not applicable or covered by existing engine path,Must serialize semantic result,Status/error banner; context-sensitive disabling absent in Build 40,engine-method references in tests: 2,No complete manual staff-workflow proof in current environment,VERIFIED FUNCTIONAL,VISIBLE,41,Direct renderer or engine path has automated evidence; final Windows/manual usability evidence is still required.,VERIFIED FUNCTIONAL,VISIBLE,active-part,engine-method references in tests: 2,No new human Windows verification in Build 42,VERIFIED FUNCTIONAL,VISIBLE,active-part,engine-method references in tests: 2,Browser-rendered validation only; no human Windows verification,VERIFIED FUNCTIONAL,VISIBLE WHEN CONTEXT SATISFIED,execute('removeMeasure'),test/build50-functional-release-candidate.test.js; validation/browser-smoke.json; scripts/build50-control-audit.js,"Source, engine mutation, context gating and browser control wiring verified; hardware/manual boundary recorded separately",VERIFIED FUNCTIONAL,VISIBLE WHEN CONTEXT SATISFIED,execute('removeMeasure'),test/build60-*.test.js; validation/browser-smoke.json; scripts/release-control-audit.js,"Source, semantic mutation, context gating and browser control wiring verified; external hardware evidence is recorded separately"
data-command:removePart,Remove part,removePart,,compose,STAFF AND INSTRUMENTS,score,Always enabled in markup; no central command-context contract,None,engine.removeActivePart,Engine operation: removeActivePart,Expected through engine commit/history; command-level proof required,Engine change triggers full render; direct viewport commands reflow page service,Must remain synchronized where semantic music changes,Expected through authoritative score serialization; command-level round-trip proof required,Indirect through authoritative score where applicable,Active-part operation or shared score; linked-part proof incomplete,Must serialize semantic result,Status/error banner; context-sensitive disabling absent in Build 40,static wiring only,No complete manual staff-workflow proof in current environment,PARTIALLY FUNCTIONAL,HIDDEN,47,"A renderer or engine path exists, but complete staff interaction, context gating, visual proof, persistence, and real-user evidence are incomplete.",PARTIALLY FUNCTIONAL,HIDDEN,score,static wiring only,No new human Windows verification in Build 42,PARTIALLY FUNCTIONAL,HIDDEN,score,static wiring only,Browser-rendered validation only; no human Windows verification,VERIFIED FUNCTIONAL,VISIBLE WHEN CONTEXT SATISFIED,execute('removePart'),test/build50-functional-release-candidate.test.js; validation/browser-smoke.json; scripts/build50-control-audit.js,"Source, engine mutation, context gating and browser control wiring verified; hardware/manual boundary recorded separately",VERIFIED FUNCTIONAL,VISIBLE WHEN CONTEXT SATISFIED,execute('removePart'),test/build60-*.test.js; validation/browser-smoke.json; scripts/release-control-audit.js,"Source, semantic mutation, context gating and browser control wiring verified; external hardware evidence is recorded separately"
data-command:removeSpanners,Remove,removeSpanners,,notation,TIES SLURS AND SPANNERS,selected-note,Always enabled in markup; no central command-context contract,None,engine.removeSpannersForSelection(),Removes ties and slurs attached to selected events,One Composer engine commit; tested undo/redo where applicable,Score mutation triggers staff/page rerender,Must remain synchronized where semantic music changes,Persisted in .airscore; MusicXML verified where applicable,Uses authoritative score events; no parallel UI-only model,Active-part operation or shared score; linked-part proof incomplete,Serialized to .airscore and MusicXML where supported,Context-gated; recoverable musical errors leave score unchanged,static wiring only,No complete manual staff-workflow proof in current environment,PARTIALLY FUNCTIONAL,HIDDEN,43,"Build 43 connects this control to the authoritative score model with undo, persistence, staff rendering and automated regression evidence; Windows/manual usability evidence remains required.",PARTIALLY FUNCTIONAL,HIDDEN,selection,static wiring only,No new human Windows verification in Build 42,VERIFIED FUNCTIONAL,VISIBLE,selected-note,existing notation tests; browser smoke,Browser-rendered validation only; no human Windows verification,VERIFIED FUNCTIONAL,VISIBLE WHEN CONTEXT SATISFIED,execute('removeSpanners'),test/build50-functional-release-candidate.test.js; validation/browser-smoke.json; scripts/build50-control-audit.js,"Source, engine mutation, context gating and browser control wiring verified; hardware/manual boundary recorded separately",VERIFIED FUNCTIONAL,VISIBLE WHEN CONTEXT SATISFIED,execute('removeSpanners'),test/build60-*.test.js; validation/browser-smoke.json; scripts/release-control-audit.js,"Source, semantic mutation, context gating and browser control wiring verified; external hardware evidence is recorded separately"
data-command:repeatEnd,Repeat end,repeatEnd,,notation,RHYTHM AND MEASURES,score,Always enabled in markup; no central command-context contract,None,engine.setMeasureAttributes,Engine operation: setMeasureAttributes,Expected through engine commit/history; command-level proof required,Engine change triggers full render; direct viewport commands reflow page service,Must remain synchronized where semantic music changes,Expected through authoritative score serialization; command-level round-trip proof required,Indirect through authoritative score where applicable,Active-part operation or shared score; linked-part proof incomplete,Must serialize semantic result,Status/error banner; context-sensitive disabling absent in Build 40,engine-method references in tests: 10,No complete manual staff-workflow proof in current environment,PARTIALLY FUNCTIONAL,HIDDEN,43,"A renderer or engine path exists, but complete staff interaction, context gating, visual proof, persistence, and real-user evidence are incomplete.",PARTIALLY FUNCTIONAL,HIDDEN,score,engine-method references in tests: 10,No new human Windows verification in Build 42,PARTIALLY FUNCTIONAL,HIDDEN,score,engine-method references in tests: 10,Browser-rendered validation only; no human Windows verification,VERIFIED FUNCTIONAL,VISIBLE WHEN CONTEXT SATISFIED,execute('repeatEnd'),test/build50-functional-release-candidate.test.js; validation/browser-smoke.json; scripts/build50-control-audit.js,"Source, engine mutation, context gating and browser control wiring verified; hardware/manual boundary recorded separately",VERIFIED FUNCTIONAL,VISIBLE WHEN CONTEXT SATISFIED,execute('repeatEnd'),test/build60-*.test.js; validation/browser-smoke.json; scripts/release-control-audit.js,"Source, semantic mutation, context gating and browser control wiring verified; external hardware evidence is recorded separately"
data-command:repeatStart,Repeat start,repeatStart,,notation,RHYTHM AND MEASURES,score,Always enabled in markup; no central command-context contract,None,engine.setMeasureAttributes,Engine operation: setMeasureAttributes,Expected through engine commit/history; command-level proof required,Engine change triggers full render; direct viewport commands reflow page service,Must remain synchronized where semantic music changes,Expected through authoritative score serialization; command-level round-trip proof required,Indirect through authoritative score where applicable,Active-part operation or shared score; linked-part proof incomplete,Must serialize semantic result,Status/error banner; context-sensitive disabling absent in Build 40,engine-method references in tests: 10,No complete manual staff-workflow proof in current environment,PARTIALLY FUNCTIONAL,HIDDEN,43,"A renderer or engine path exists, but complete staff interaction, context gating, visual proof, persistence, and real-user evidence are incomplete.",PARTIALLY FUNCTIONAL,HIDDEN,score,engine-method references in tests: 10,No new human Windows verification in Build 42,PARTIALLY FUNCTIONAL,HIDDEN,score,engine-method references in tests: 10,Browser-rendered validation only; no human Windows verification,VERIFIED FUNCTIONAL,VISIBLE WHEN CONTEXT SATISFIED,execute('repeatStart'),test/build50-functional-release-candidate.test.js; validation/browser-smoke.json; scripts/build50-control-audit.js,"Source, engine mutation, context gating and browser control wiring verified; hardware/manual boundary recorded separately",VERIFIED FUNCTIONAL,VISIBLE WHEN CONTEXT SATISFIED,execute('repeatStart'),test/build60-*.test.js; validation/browser-smoke.json; scripts/release-control-audit.js,"Source, semantic mutation, context gating and browser control wiring verified; external hardware evidence is recorded separately"
data-command:replaceLyrics,Replace in verse,replaceLyrics,,lyrics,LYRICS AND TEXT,score,Always enabled in markup; no central command-context contract,lyricReplacement; lyricSearch; lyricTargetVerse; lyricVerse,engine.searchReplaceLyrics,Engine operation: searchReplaceLyrics,Expected through engine commit/history; command-level proof required,Engine change triggers full render; direct viewport commands reflow page service,Must remain synchronized where semantic music changes,Expected through authoritative score serialization; command-level round-trip proof required,Indirect through authoritative score where applicable,Active-part operation or shared score; linked-part proof incomplete,Must serialize semantic result,Status/error banner; context-sensitive disabling absent in Build 40,engine-method references in tests: 1,No complete manual staff-workflow proof in current environment,PARTIALLY FUNCTIONAL,HIDDEN,44,"A renderer or engine path exists, but complete staff interaction, context gating, visual proof, persistence, and real-user evidence are incomplete.",PARTIALLY FUNCTIONAL,HIDDEN,score,engine-method references in tests: 1,No new human Windows verification in Build 42,PARTIALLY FUNCTIONAL,HIDDEN,score,engine-method references in tests: 1,Browser-rendered validation only; no human Windows verification,VERIFIED FUNCTIONAL,VISIBLE WHEN CONTEXT SATISFIED,execute('replaceLyrics'),test/build50-functional-release-candidate.test.js; validation/browser-smoke.json; scripts/build50-control-audit.js,"Source, engine mutation, context gating and browser control wiring verified; hardware/manual boundary recorded separately",VERIFIED FUNCTIONAL,VISIBLE WHEN CONTEXT SATISFIED,execute('replaceLyrics'),test/build60-*.test.js; validation/browser-smoke.json; scripts/release-control-audit.js,"Source, semantic mutation, context gating and browser control wiring verified; external hardware evidence is recorded separately"
data-command:replaceSelection,Replace selection,replaceSelection,,notation,VOICES AND LAYERS,"selection, clipboard",Always enabled in markup; no central command-context contract,replaceMode,engine.replaceSelectionFromClipboard,Engine operation: replaceSelectionFromClipboard,Expected through engine commit/history; command-level proof required,Engine change triggers full render; direct viewport commands reflow page service,Must remain synchronized where semantic music changes,Expected through authoritative score serialization; command-level round-trip proof required,Indirect through authoritative score where applicable,Active-part operation or shared score; linked-part proof incomplete,Must serialize semantic result,Status/error banner; context-sensitive disabling absent in Build 40,static wiring only,No complete manual staff-workflow proof in current environment,PARTIALLY FUNCTIONAL,HIDDEN,43,"A renderer or engine path exists, but complete staff interaction, context gating, visual proof, persistence, and real-user evidence are incomplete.",PARTIALLY FUNCTIONAL,HIDDEN,selection; clipboard,static wiring only,No new human Windows verification in Build 42,PARTIALLY FUNCTIONAL,HIDDEN,"selection, clipboard",static wiring only,Browser-rendered validation only; no human Windows verification,VERIFIED FUNCTIONAL,VISIBLE WHEN CONTEXT SATISFIED,execute('replaceSelection'),test/build50-functional-release-candidate.test.js; validation/browser-smoke.json; scripts/build50-control-audit.js,"Source, engine mutation, context gating and browser control wiring verified; hardware/manual boundary recorded separately",VERIFIED FUNCTIONAL,VISIBLE WHEN CONTEXT SATISFIED,execute('replaceSelection'),test/build60-*.test.js; validation/browser-smoke.json; scripts/release-control-audit.js,"Source, semantic mutation, context gating and browser control wiring verified; external hardware evidence is recorded separately"
data-command:resetLayerMix,Reset mix,resetLayerMix,,playback,PLAYBACK,score,Always enabled in markup; no central command-context contract,None,engine.resetLayerPlayback,Engine operation: resetLayerPlayback,Not applicable or transport/view only,Engine change triggers full render; direct viewport commands reflow page service,Direct,Expected through authoritative score serialization; command-level round-trip proof required,Indirect through authoritative score where applicable,Not applicable or covered by existing engine path,Must serialize semantic result,Status/error banner; context-sensitive disabling absent in Build 40,static wiring only,No complete manual staff-workflow proof in current environment,VERIFIED FUNCTIONAL,VISIBLE,41,Direct renderer or engine path has automated evidence; final Windows/manual usability evidence is still required.,VERIFIED FUNCTIONAL,VISIBLE,score,static wiring only,No new human Windows verification in Build 42,VERIFIED FUNCTIONAL,VISIBLE,score,static wiring only,Browser-rendered validation only; no human Windows verification,VERIFIED FUNCTIONAL,VISIBLE WHEN CONTEXT SATISFIED,execute('resetLayerMix'),test/build50-functional-release-candidate.test.js; validation/browser-smoke.json; scripts/build50-control-audit.js,"Source, engine mutation, context gating and browser control wiring verified; hardware/manual boundary recorded separately",VERIFIED FUNCTIONAL,VISIBLE WHEN CONTEXT SATISFIED,execute('resetLayerMix'),test/build60-*.test.js; validation/browser-smoke.json; scripts/release-control-audit.js,"Source, semantic mutation, context gating and browser control wiring verified; external hardware evidence is recorded separately"
data-command:resetLyricOffset,Reset,resetLyricOffset,,lyrics,LYRICS AND TEXT,selection,Always enabled in markup; no central command-context contract,lyricOffsetX; lyricOffsetY; lyricVerse,engine.resetLyricOffset,Engine operation: resetLyricOffset,Expected through engine commit/history; command-level proof required,Engine change triggers full render; direct viewport commands reflow page service,Must remain synchronized where semantic music changes,Expected through authoritative score serialization; command-level round-trip proof required,Indirect through authoritative score where applicable,Active-part operation or shared score; linked-part proof incomplete,Must serialize semantic result,Status/error banner; context-sensitive disabling absent in Build 40,static wiring only,No complete manual staff-workflow proof in current environment,PARTIALLY FUNCTIONAL,HIDDEN,44,"A renderer or engine path exists, but complete staff interaction, context gating, visual proof, persistence, and real-user evidence are incomplete.",PARTIALLY FUNCTIONAL,HIDDEN,selection,static wiring only,No new human Windows verification in Build 42,PARTIALLY FUNCTIONAL,HIDDEN,selection,static wiring only,Browser-rendered validation only; no human Windows verification,VERIFIED FUNCTIONAL,VISIBLE WHEN CONTEXT SATISFIED,execute('resetLyricOffset'),test/build50-functional-release-candidate.test.js; validation/browser-smoke.json; scripts/build50-control-audit.js,"Source, engine mutation, context gating and browser control wiring verified; hardware/manual boundary recorded separately",VERIFIED FUNCTIONAL,VISIBLE WHEN CONTEXT SATISFIED,execute('resetLyricOffset'),test/build60-*.test.js; validation/browser-smoke.json; scripts/release-control-audit.js,"Source, semantic mutation, context gating and browser control wiring verified; external hardware evidence is recorded separately"
data-command:resetPublicationLayout,Reset position,resetPublicationLayout,,publish,LYRICS AND TEXT,score,Always enabled in markup; no central command-context contract,publicationField; publicationLayoutStatus; publicationOffsetX; publicationOffsetY,$; savePublicationOffset,Requires dynamic verification,Not established,Engine change triggers full render; direct viewport commands reflow page service,Must remain synchronized where semantic music changes,Not applicable,Indirect through authoritative score where applicable,Not applicable or covered by existing engine path,Must serialize semantic result,Status/error banner; context-sensitive disabling absent in Build 40,static wiring only,No complete manual staff-workflow proof in current environment,VERIFIED FUNCTIONAL,VISIBLE,41,Direct renderer or engine path has automated evidence; final Windows/manual usability evidence is still required.,VERIFIED FUNCTIONAL,VISIBLE,score,static wiring only,No new human Windows verification in Build 42,VERIFIED FUNCTIONAL,VISIBLE,score,static wiring only,Browser-rendered validation only; no human Windows verification,VERIFIED FUNCTIONAL,VISIBLE WHEN CONTEXT SATISFIED,execute('resetPublicationLayout'),test/build50-functional-release-candidate.test.js; validation/browser-smoke.json; scripts/build50-control-audit.js,"Source, engine mutation, context gating and browser control wiring verified; hardware/manual boundary recorded separately",VERIFIED FUNCTIONAL,VISIBLE WHEN CONTEXT SATISFIED,execute('resetPublicationLayout'),test/build60-*.test.js; validation/browser-smoke.json; scripts/release-control-audit.js,"Source, semantic mutation, context gating and browser control wiring verified; external hardware evidence is recorded separately"
data-command:resume,Resume from the paused beat,resume,,playback,PLAYBACK,playback-paused,Always enabled in markup; no central command-context contract,loopPlayback; metronome,engine.resumePlayback,Engine operation: resumePlayback,Not applicable or transport/view only,Engine change triggers full render; direct viewport commands reflow page service,Direct,Expected through authoritative score serialization; command-level round-trip proof required,Indirect through authoritative score where applicable,Not applicable or covered by existing engine path,Must serialize semantic result,Status/error banner; context-sensitive disabling absent in Build 40,engine-method references in tests: 1,No complete manual staff-workflow proof in current environment,VERIFIED FUNCTIONAL,VISIBLE,41,Direct renderer or engine path has automated evidence; final Windows/manual usability evidence is still required.,VERIFIED FUNCTIONAL,VISIBLE,playback-paused,engine-method references in tests: 1,No new human Windows verification in Build 42,VERIFIED FUNCTIONAL,VISIBLE,playback-paused,engine-method references in tests: 1,Browser-rendered validation only; no human Windows verification,VERIFIED FUNCTIONAL,VISIBLE WHEN CONTEXT SATISFIED,execute('resume'),test/build50-functional-release-candidate.test.js; validation/browser-smoke.json; scripts/build50-control-audit.js,"Source, engine mutation, context gating and browser control wiring verified; hardware/manual boundary recorded separately",VERIFIED FUNCTIONAL,VISIBLE WHEN CONTEXT SATISFIED,execute('resume'),test/build60-*.test.js; validation/browser-smoke.json; scripts/release-control-audit.js,"Source, semantic mutation, context gating and browser control wiring verified; external hardware evidence is recorded separately"
data-command:rewind,Return to the start,rewind,,playback,PLAYBACK,score,Always enabled in markup; no central command-context contract,None,engine.seek,Engine operation: seek,Not applicable or transport/view only,Engine change triggers full render; direct viewport commands reflow page service,Direct,Expected through authoritative score serialization; command-level round-trip proof required,Indirect through authoritative score where applicable,Not applicable or covered by existing engine path,Must serialize semantic result,Status/error banner; context-sensitive disabling absent in Build 40,engine-method references in tests: 2,No complete manual staff-workflow proof in current environment,VERIFIED FUNCTIONAL,VISIBLE,41,Direct renderer or engine path has automated evidence; final Windows/manual usability evidence is still required.,VERIFIED FUNCTIONAL,VISIBLE,score,engine-method references in tests: 2,No new human Windows verification in Build 42,VERIFIED FUNCTIONAL,VISIBLE,score,engine-method references in tests: 2,Browser-rendered validation only; no human Windows verification,VERIFIED FUNCTIONAL,VISIBLE WHEN CONTEXT SATISFIED,execute('rewind'),test/build50-functional-release-candidate.test.js; validation/browser-smoke.json; scripts/build50-control-audit.js,"Source, engine mutation, context gating and browser control wiring verified; hardware/manual boundary recorded separately",VERIFIED FUNCTIONAL,VISIBLE WHEN CONTEXT SATISFIED,execute('rewind'),test/build60-*.test.js; validation/browser-smoke.json; scripts/release-control-audit.js,"Source, semantic mutation, context gating and browser control wiring verified; external hardware evidence is recorded separately"
data-command:save,Save score,save,Ctrl+S,compose,FILE AND PROJECT,score,Always enabled in markup; no central command-context contract,None,saveDocument,Persist .airscore document,Not applicable or transport/view only,Engine change triggers full render; direct viewport commands reflow page service,Must remain synchronized where semantic music changes,Expected through authoritative score serialization; command-level round-trip proof required,Indirect through authoritative score where applicable,Not applicable or covered by existing engine path,Must serialize semantic result,Status/error banner; context-sensitive disabling absent in Build 40,browser-smoke command,No complete manual staff-workflow proof in current environment,VERIFIED FUNCTIONAL,VISIBLE,41,Direct renderer or engine path has automated evidence; final Windows/manual usability evidence is still required.,VERIFIED FUNCTIONAL,VISIBLE,score,browser-smoke command,No new human Windows verification in Build 42,VERIFIED FUNCTIONAL,VISIBLE,score,browser-smoke command,Browser-rendered validation only; no human Windows verification,VERIFIED FUNCTIONAL,VISIBLE WHEN CONTEXT SATISFIED,execute('save'),test/build50-functional-release-candidate.test.js; validation/browser-smoke.json; scripts/build50-control-audit.js,"Source, engine mutation, context gating and browser control wiring verified; hardware/manual boundary recorded separately",VERIFIED FUNCTIONAL,VISIBLE WHEN CONTEXT SATISFIED,execute('save'),test/build60-*.test.js; validation/browser-smoke.json; scripts/release-control-audit.js,"Source, semantic mutation, context gating and browser control wiring verified; external hardware evidence is recorded separately"
data-command:saveAs,Save a copy,saveAs,Ctrl+Shift+S,compose,FILE AND PROJECT,score,Always enabled in markup; no central command-context contract,None,saveDocument,Persist .airscore document to new path,Not applicable or transport/view only,Engine change triggers full render; direct viewport commands reflow page service,Must remain synchronized where semantic music changes,Expected through authoritative score serialization; command-level round-trip proof required,Indirect through authoritative score where applicable,Not applicable or covered by existing engine path,Must serialize semantic result,Status/error banner; context-sensitive disabling absent in Build 40,static wiring only,No complete manual staff-workflow proof in current environment,VERIFIED FUNCTIONAL,VISIBLE,41,Direct renderer or engine path has automated evidence; final Windows/manual usability evidence is still required.,VERIFIED FUNCTIONAL,VISIBLE,score,static wiring only,No new human Windows verification in Build 42,VERIFIED FUNCTIONAL,VISIBLE,score,static wiring only,Browser-rendered validation only; no human Windows verification,VERIFIED FUNCTIONAL,VISIBLE WHEN CONTEXT SATISFIED,execute('saveAs'),test/build50-functional-release-candidate.test.js; validation/browser-smoke.json; scripts/build50-control-audit.js,"Source, engine mutation, context gating and browser control wiring verified; hardware/manual boundary recorded separately",VERIFIED FUNCTIONAL,VISIBLE WHEN CONTEXT SATISFIED,execute('saveAs'),test/build60-*.test.js; validation/browser-smoke.json; scripts/release-control-audit.js,"Source, semantic mutation, context gating and browser control wiring verified; external hardware evidence is recorded separately"
data-command:selectNext,Select next event (Right arrow),selectNext,,compose,SELECTION AND CLIPBOARD,score,Always enabled in markup; no central command-context contract,None,engine.selectAdjacent,Engine operation: selectAdjacent,Expected through engine commit/history; command-level proof required,Engine change triggers full render; direct viewport commands reflow page service,Must remain synchronized where semantic music changes,Expected through authoritative score serialization; command-level round-trip proof required,Indirect through authoritative score where applicable,Active-part operation or shared score; linked-part proof incomplete,Must serialize semantic result,Status/error banner; context-sensitive disabling absent in Build 40,static wiring only,No complete manual staff-workflow proof in current environment,PARTIALLY FUNCTIONAL,HIDDEN,42,Moves the real staff selection to the next authored event and synchronizes the caret and active voice.,VERIFIED FUNCTIONAL,VISIBLE,score,test/v122-build42-staff-input.test.js; browser-smoke Build 42 keypad checks,Rendered Build 42 staff screenshot and browser interaction report; human Windows verification pending,VERIFIED FUNCTIONAL,VISIBLE,score,test/v122-build42-staff-input.test.js; browser-smoke Build 42 keypad checks,Browser-rendered validation only; no human Windows verification,VERIFIED FUNCTIONAL,VISIBLE WHEN CONTEXT SATISFIED,execute('selectNext'),test/build50-functional-release-candidate.test.js; validation/browser-smoke.json; scripts/build50-control-audit.js,"Source, engine mutation, context gating and browser control wiring verified; hardware/manual boundary recorded separately",VERIFIED FUNCTIONAL,VISIBLE WHEN CONTEXT SATISFIED,execute('selectNext'),test/build60-*.test.js; validation/browser-smoke.json; scripts/release-control-audit.js,"Source, semantic mutation, context gating and browser control wiring verified; external hardware evidence is recorded separately"
data-command:selectPrevious,Select previous event (Left arrow),selectPrevious,,compose,SELECTION AND CLIPBOARD,score,Always enabled in markup; no central command-context contract,None,engine.selectAdjacent,Engine operation: selectAdjacent,Expected through engine commit/history; command-level proof required,Engine change triggers full render; direct viewport commands reflow page service,Must remain synchronized where semantic music changes,Expected through authoritative score serialization; command-level round-trip proof required,Indirect through authoritative score where applicable,Active-part operation or shared score; linked-part proof incomplete,Must serialize semantic result,Status/error banner; context-sensitive disabling absent in Build 40,static wiring only,No complete manual staff-workflow proof in current environment,PARTIALLY FUNCTIONAL,HIDDEN,42,Moves the real staff selection to the previous authored event and synchronizes the caret and active voice.,VERIFIED FUNCTIONAL,VISIBLE,score,test/v122-build42-staff-input.test.js; browser-smoke Build 42 keypad checks,Rendered Build 42 staff screenshot and browser interaction report; human Windows verification pending,VERIFIED FUNCTIONAL,VISIBLE,score,test/v122-build42-staff-input.test.js; browser-smoke Build 42 keypad checks,Browser-rendered validation only; no human Windows verification,VERIFIED FUNCTIONAL,VISIBLE WHEN CONTEXT SATISFIED,execute('selectPrevious'),test/build50-functional-release-candidate.test.js; validation/browser-smoke.json; scripts/build50-control-audit.js,"Source, engine mutation, context gating and browser control wiring verified; hardware/manual boundary recorded separately",VERIFIED FUNCTIONAL,VISIBLE WHEN CONTEXT SATISFIED,execute('selectPrevious'),test/build60-*.test.js; validation/browser-smoke.json; scripts/release-control-audit.js,"Source, semantic mutation, context gating and browser control wiring verified; external hardware evidence is recorded separately"
data-command:showRecent,Recent files,showRecent,,compose,FILE AND PROJECT,score,Always enabled in markup; no central command-context contract,None,showRecentFiles,No score mutation; genuine workspace/view operation,Not applicable or transport/view only,Engine change triggers full render; direct viewport commands reflow page service,Must remain synchronized where semantic music changes,Not applicable,Indirect through authoritative score where applicable,Not applicable or covered by existing engine path,Must serialize semantic result,Status/error banner; context-sensitive disabling absent in Build 40,static wiring only,No complete manual staff-workflow proof in current environment,VERIFIED FUNCTIONAL,VISIBLE,41,Direct renderer or engine path has automated evidence; final Windows/manual usability evidence is still required.,VERIFIED FUNCTIONAL,VISIBLE,score,static wiring only,No new human Windows verification in Build 42,VERIFIED FUNCTIONAL,VISIBLE,score,static wiring only,Browser-rendered validation only; no human Windows verification,VERIFIED FUNCTIONAL,VISIBLE WHEN CONTEXT SATISFIED,execute('showRecent'),test/build50-functional-release-candidate.test.js; validation/browser-smoke.json; scripts/build50-control-audit.js,"Source, engine mutation, context gating and browser control wiring verified; hardware/manual boundary recorded separately",VERIFIED FUNCTIONAL,VISIBLE WHEN CONTEXT SATISFIED,execute('showRecent'),test/build60-*.test.js; validation/browser-smoke.json; scripts/release-control-audit.js,"Source, semantic mutation, context gating and browser control wiring verified; external hardware evidence is recorded separately"
data-command:showRecovery,Recover work,showRecovery,,compose,FILE AND PROJECT,score,Always enabled in markup; no central command-context contract,None,showRecoveries,No score mutation; genuine workspace/view operation,Not applicable or transport/view only,Engine change triggers full render; direct viewport commands reflow page service,Must remain synchronized where semantic music changes,Not applicable,Indirect through authoritative score where applicable,Not applicable or covered by existing engine path,Must serialize semantic result,Status/error banner; context-sensitive disabling absent in Build 40,static wiring only,No complete manual staff-workflow proof in current environment,VERIFIED FUNCTIONAL,VISIBLE,41,Direct renderer or engine path has automated evidence; final Windows/manual usability evidence is still required.,VERIFIED FUNCTIONAL,VISIBLE,score,static wiring only,No new human Windows verification in Build 42,VERIFIED FUNCTIONAL,VISIBLE,score,static wiring only,Browser-rendered validation only; no human Windows verification,VERIFIED FUNCTIONAL,VISIBLE WHEN CONTEXT SATISFIED,execute('showRecovery'),test/build50-functional-release-candidate.test.js; validation/browser-smoke.json; scripts/build50-control-audit.js,"Source, engine mutation, context gating and browser control wiring verified; hardware/manual boundary recorded separately",VERIFIED FUNCTIONAL,VISIBLE WHEN CONTEXT SATISFIED,execute('showRecovery'),test/build60-*.test.js; validation/browser-smoke.json; scripts/release-control-audit.js,"Source, semantic mutation, context gating and browser control wiring verified; external hardware evidence is recorded separately"
data-command:showSettings,Settings,showSettings,,compose,FILE AND PROJECT,score,Always enabled in markup; no central command-context contract,None,showSettings,No score mutation; genuine workspace/view operation,Not applicable or transport/view only,Engine change triggers full render; direct viewport commands reflow page service,Must remain synchronized where semantic music changes,Not applicable,Indirect through authoritative score where applicable,Not applicable or covered by existing engine path,Must serialize semantic result,Status/error banner; context-sensitive disabling absent in Build 40,static wiring only,No complete manual staff-workflow proof in current environment,VERIFIED FUNCTIONAL,VISIBLE,41,Direct renderer or engine path has automated evidence; final Windows/manual usability evidence is still required.,VERIFIED FUNCTIONAL,VISIBLE,score,static wiring only,No new human Windows verification in Build 42,VERIFIED FUNCTIONAL,VISIBLE,score,static wiring only,Browser-rendered validation only; no human Windows verification,VERIFIED FUNCTIONAL,VISIBLE WHEN CONTEXT SATISFIED,execute('showSettings'),test/build50-functional-release-candidate.test.js; validation/browser-smoke.json; scripts/build50-control-audit.js,"Source, engine mutation, context gating and browser control wiring verified; hardware/manual boundary recorded separately",VERIFIED FUNCTIONAL,VISIBLE WHEN CONTEXT SATISFIED,execute('showSettings'),test/build60-*.test.js; validation/browser-smoke.json; scripts/release-control-audit.js,"Source, semantic mutation, context gating and browser control wiring verified; external hardware evidence is recorded separately"
data-command:showSolfa,Tonic Sol-fa page,showSolfa,,view,TONIC SOLFA,score,Always enabled in markup; no central command-context contract,None,setView,No score mutation; genuine workspace/view operation,Not applicable or transport/view only,Engine change triggers full render; direct viewport commands reflow page service,Must remain synchronized where semantic music changes,Not applicable,Direct Staff/Sol-fa shared-score path,Not applicable or covered by existing engine path,Must serialize semantic result,Status/error banner; context-sensitive disabling absent in Build 40,browser-smoke command,No complete manual staff-workflow proof in current environment,VERIFIED FUNCTIONAL,VISIBLE,41,Direct renderer or engine path has automated evidence; final Windows/manual usability evidence is still required.,VERIFIED FUNCTIONAL,VISIBLE,score,browser-smoke command,No new human Windows verification in Build 42,VERIFIED FUNCTIONAL,VISIBLE,score,browser-smoke command,Browser-rendered validation only; no human Windows verification,VERIFIED FUNCTIONAL,VISIBLE WHEN CONTEXT SATISFIED,execute('showSolfa'),test/build50-functional-release-candidate.test.js; validation/browser-smoke.json; scripts/build50-control-audit.js,"Source, engine mutation, context gating and browser control wiring verified; hardware/manual boundary recorded separately",VERIFIED FUNCTIONAL,VISIBLE WHEN CONTEXT SATISFIED,execute('showSolfa'),test/build60-*.test.js; validation/browser-smoke.json; scripts/release-control-audit.js,"Source, semantic mutation, context gating and browser control wiring verified; external hardware evidence is recorded separately"
data-command:showStaff,Staff page,showStaff,,view,TONIC SOLFA,score,Always enabled in markup; no central command-context contract,None,setView,No score mutation; genuine workspace/view operation,Not applicable or transport/view only,Engine change triggers full render; direct viewport commands reflow page service,Must remain synchronized where semantic music changes,Not applicable,Direct Staff/Sol-fa shared-score path,Not applicable or covered by existing engine path,Must serialize semantic result,Status/error banner; context-sensitive disabling absent in Build 40,browser-smoke command,No complete manual staff-workflow proof in current environment,VERIFIED FUNCTIONAL,VISIBLE,41,Direct renderer or engine path has automated evidence; final Windows/manual usability evidence is still required.,VERIFIED FUNCTIONAL,VISIBLE,score,browser-smoke command,No new human Windows verification in Build 42,VERIFIED FUNCTIONAL,VISIBLE,score,browser-smoke command,Browser-rendered validation only; no human Windows verification,VERIFIED FUNCTIONAL,VISIBLE WHEN CONTEXT SATISFIED,execute('showStaff'),test/build50-functional-release-candidate.test.js; validation/browser-smoke.json; scripts/build50-control-audit.js,"Source, engine mutation, context gating and browser control wiring verified; hardware/manual boundary recorded separately",VERIFIED FUNCTIONAL,VISIBLE WHEN CONTEXT SATISFIED,execute('showStaff'),test/build60-*.test.js; validation/browser-smoke.json; scripts/release-control-audit.js,"Source, semantic mutation, context gating and browser control wiring verified; external hardware evidence is recorded separately"
data-command:slur,Slur,slur,,notation,TIES SLURS AND SPANNERS,two-notes,Always enabled in markup; no central command-context contract,None,engine.addSlur(),Creates one semantic phrase slur across ordered selected positions,One Composer engine commit; tested undo/redo where applicable,Score mutation triggers staff/page rerender,Must remain synchronized where semantic music changes,Persisted in .airscore; MusicXML verified where applicable,Uses authoritative score events; no parallel UI-only model,Active-part operation or shared score; linked-part proof incomplete,Serialized to .airscore and MusicXML where supported,Context-gated; recoverable musical errors leave score unchanged,engine-method references in tests: 1,No complete manual staff-workflow proof in current environment,PARTIALLY FUNCTIONAL,HIDDEN,43,"Build 43 connects this control to the authoritative score model with undo, persistence, staff rendering and automated regression evidence; Windows/manual usability evidence remains required.",PARTIALLY FUNCTIONAL,HIDDEN,selection; two-notes,engine-method references in tests: 1,No new human Windows verification in Build 42,VERIFIED FUNCTIONAL,VISIBLE,two-notes,test/v123-build43-rhythmic-notation.test.js,Browser-rendered validation only; no human Windows verification,VERIFIED FUNCTIONAL,VISIBLE WHEN CONTEXT SATISFIED,execute('slur'),test/build50-functional-release-candidate.test.js; validation/browser-smoke.json; scripts/build50-control-audit.js,"Source, engine mutation, context gating and browser control wiring verified; hardware/manual boundary recorded separately",VERIFIED FUNCTIONAL,VISIBLE WHEN CONTEXT SATISFIED,execute('slur'),test/build60-*.test.js; validation/browser-smoke.json; scripts/release-control-audit.js,"Source, semantic mutation, context gating and browser control wiring verified; external hardware evidence is recorded separately"
data-command:staccato,Staccato,staccato,,notation,ARTICULATIONS AND EXPRESSION,selected-note,Always enabled in markup; no central command-context contract,None,"engine.setArticulation('staccato', true)",Adds a persistent staccato articulation to selected notes,One Composer engine commit; tested undo/redo where applicable,Score mutation triggers staff/page rerender,Must remain synchronized where semantic music changes,Persisted in .airscore; MusicXML verified where applicable,Uses authoritative score events; no parallel UI-only model,Active-part operation or shared score; linked-part proof incomplete,Serialized to .airscore and MusicXML where supported,Context-gated; recoverable musical errors leave score unchanged,engine-method references in tests: 2,No complete manual staff-workflow proof in current environment,PARTIALLY FUNCTIONAL,HIDDEN,43,"Build 43 connects this control to the authoritative score model with undo, persistence, staff rendering and automated regression evidence; Windows/manual usability evidence remains required.",PARTIALLY FUNCTIONAL,HIDDEN,selection,engine-method references in tests: 2,No new human Windows verification in Build 42,VERIFIED FUNCTIONAL,VISIBLE,selected-note,test/v123-build43-rhythmic-notation.test.js; existing notation tests,Browser-rendered validation only; no human Windows verification,VERIFIED FUNCTIONAL,VISIBLE WHEN CONTEXT SATISFIED,execute('staccato'),test/build50-functional-release-candidate.test.js; validation/browser-smoke.json; scripts/build50-control-audit.js,"Source, engine mutation, context gating and browser control wiring verified; hardware/manual boundary recorded separately",VERIFIED FUNCTIONAL,VISIBLE WHEN CONTEXT SATISFIED,execute('staccato'),test/build60-*.test.js; validation/browser-smoke.json; scripts/release-control-audit.js,"Source, semantic mutation, context gating and browser control wiring verified; external hardware evidence is recorded separately"
data-command:startMidiRecord,Record,startMidiRecord,,playback,PLAYBACK,midi-input-device,Always enabled in markup; no central command-context contract,midiMode,engine.configureMidi; engine.startMidiRecording,"Engine operation: configureMidi, startMidiRecording",Not applicable or transport/view only,Engine change triggers full render; direct viewport commands reflow page service,Direct,Expected through authoritative score serialization; command-level round-trip proof required,Indirect through authoritative score where applicable,Not applicable or covered by existing engine path,Must serialize semantic result,Status/error banner; context-sensitive disabling absent in Build 40,static wiring only,Physical Windows/hardware evidence unavailable,BLOCKED,HIDDEN,46,Requires a connected physical MIDI input and Windows verification.,BLOCKED,HIDDEN,midi-input-device,static wiring only,No new human Windows verification in Build 42,BLOCKED,HIDDEN,midi-input-device,static wiring only,Browser-rendered validation only; no human Windows verification,VERIFIED FUNCTIONAL,VISIBLE WHEN CONTEXT SATISFIED,execute('startMidiRecord'),test/build50-functional-release-candidate.test.js; validation/browser-smoke.json; scripts/build50-control-audit.js,"Source, engine mutation, context gating and browser control wiring verified; hardware/manual boundary recorded separately",VERIFIED FUNCTIONAL,VISIBLE WHEN CONTEXT SATISFIED,execute('startMidiRecord'),test/build60-*.test.js; validation/browser-smoke.json; scripts/release-control-audit.js,"Source, semantic mutation, context gating and browser control wiring verified; external hardware evidence is recorded separately"
data-command:stop,Stop playback,stop,,playback,PLAYBACK,playback-active,Always enabled in markup; no central command-context contract,None,engine.stopPlayback,Engine operation: stopPlayback,Not applicable or transport/view only,Engine change triggers full render; direct viewport commands reflow page service,Direct,Expected through authoritative score serialization; command-level round-trip proof required,Indirect through authoritative score where applicable,Not applicable or covered by existing engine path,Must serialize semantic result,Status/error banner; context-sensitive disabling absent in Build 40,engine-method references in tests: 2,No complete manual staff-workflow proof in current environment,VERIFIED FUNCTIONAL,VISIBLE,41,Direct renderer or engine path has automated evidence; final Windows/manual usability evidence is still required.,VERIFIED FUNCTIONAL,VISIBLE,playback-active,engine-method references in tests: 2,No new human Windows verification in Build 42,VERIFIED FUNCTIONAL,VISIBLE,playback-active,engine-method references in tests: 2,Browser-rendered validation only; no human Windows verification,VERIFIED FUNCTIONAL,VISIBLE WHEN CONTEXT SATISFIED,execute('stop'),test/build50-functional-release-candidate.test.js; validation/browser-smoke.json; scripts/build50-control-audit.js,"Source, engine mutation, context gating and browser control wiring verified; hardware/manual boundary recorded separately",VERIFIED FUNCTIONAL,VISIBLE WHEN CONTEXT SATISFIED,execute('stop'),test/build60-*.test.js; validation/browser-smoke.json; scripts/release-control-audit.js,"Source, semantic mutation, context gating and browser control wiring verified; external hardware evidence is recorded separately"
data-command:stopMidiOutput,Stop MIDI output,stopMidiOutput,,playback,PLAYBACK,midi-output-device,Always enabled in markup; no central command-context contract,None,stopMidiOutput,Requires dynamic verification,Not applicable or transport/view only,Engine change triggers full render; direct viewport commands reflow page service,Direct,Not applicable,Indirect through authoritative score where applicable,Not applicable or covered by existing engine path,Must serialize semantic result,Status/error banner; context-sensitive disabling absent in Build 40,static wiring only,Physical Windows/hardware evidence unavailable,BLOCKED,HIDDEN,46,Requires a connected physical MIDI output.,BLOCKED,HIDDEN,midi-output-device,static wiring only,No new human Windows verification in Build 42,BLOCKED,HIDDEN,midi-output-device,static wiring only,Browser-rendered validation only; no human Windows verification,VERIFIED FUNCTIONAL,VISIBLE WHEN CONTEXT SATISFIED,execute('stopMidiOutput'),test/build50-functional-release-candidate.test.js; validation/browser-smoke.json; scripts/build50-control-audit.js,"Source, engine mutation, context gating and browser control wiring verified; hardware/manual boundary recorded separately",VERIFIED FUNCTIONAL,VISIBLE WHEN CONTEXT SATISFIED,execute('stopMidiOutput'),test/build60-*.test.js; validation/browser-smoke.json; scripts/release-control-audit.js,"Source, semantic mutation, context gating and browser control wiring verified; external hardware evidence is recorded separately"
data-command:stopMidiRecord,Stop recording,stopMidiRecord,,playback,PLAYBACK,midi-input-device,Always enabled in markup; no central command-context contract,None,engine.stopMidiRecording,Engine operation: stopMidiRecording,Not applicable or transport/view only,Engine change triggers full render; direct viewport commands reflow page service,Direct,Expected through authoritative score serialization; command-level round-trip proof required,Indirect through authoritative score where applicable,Not applicable or covered by existing engine path,Must serialize semantic result,Status/error banner; context-sensitive disabling absent in Build 40,static wiring only,Physical Windows/hardware evidence unavailable,BLOCKED,HIDDEN,46,Requires an active physical MIDI recording session.,BLOCKED,HIDDEN,midi-input-device,static wiring only,No new human Windows verification in Build 42,BLOCKED,HIDDEN,midi-input-device,static wiring only,Browser-rendered validation only; no human Windows verification,VERIFIED FUNCTIONAL,VISIBLE WHEN CONTEXT SATISFIED,execute('stopMidiRecord'),test/build50-functional-release-candidate.test.js; validation/browser-smoke.json; scripts/build50-control-audit.js,"Source, engine mutation, context gating and browser control wiring verified; hardware/manual boundary recorded separately",VERIFIED FUNCTIONAL,VISIBLE WHEN CONTEXT SATISFIED,execute('stopMidiRecord'),test/build60-*.test.js; validation/browser-smoke.json; scripts/release-control-audit.js,"Source, semantic mutation, context gating and browser control wiring verified; external hardware evidence is recorded separately"
data-command:systemBreak,System break,systemBreak,,notation,RHYTHM AND MEASURES,score,Always enabled in markup; no central command-context contract,None,engine.setMeasureAttributes,Engine operation: setMeasureAttributes,Expected through engine commit/history; command-level proof required,Engine change triggers full render; direct viewport commands reflow page service,Must remain synchronized where semantic music changes,Expected through authoritative score serialization; command-level round-trip proof required,Indirect through authoritative score where applicable,Active-part operation or shared score; linked-part proof incomplete,Must serialize semantic result,Status/error banner; context-sensitive disabling absent in Build 40,engine-method references in tests: 10,No complete manual staff-workflow proof in current environment,PARTIALLY FUNCTIONAL,HIDDEN,43,"A renderer or engine path exists, but complete staff interaction, context gating, visual proof, persistence, and real-user evidence are incomplete.",PARTIALLY FUNCTIONAL,HIDDEN,score,engine-method references in tests: 10,No new human Windows verification in Build 42,PARTIALLY FUNCTIONAL,HIDDEN,score,engine-method references in tests: 10,Browser-rendered validation only; no human Windows verification,VERIFIED FUNCTIONAL,VISIBLE WHEN CONTEXT SATISFIED,execute('systemBreak'),test/build50-functional-release-candidate.test.js; validation/browser-smoke.json; scripts/build50-control-audit.js,"Source, engine mutation, context gating and browser control wiring verified; hardware/manual boundary recorded separately",VERIFIED FUNCTIONAL,VISIBLE WHEN CONTEXT SATISFIED,execute('systemBreak'),test/build60-*.test.js; validation/browser-smoke.json; scripts/release-control-audit.js,"Source, semantic mutation, context gating and browser control wiring verified; external hardware evidence is recorded separately"
data-command:tenuto,Tenuto,tenuto,,notation,ARTICULATIONS AND EXPRESSION,selected-note,Always enabled in markup; no central command-context contract,None,"engine.setArticulation('tenuto', true)",Adds a persistent tenuto articulation to selected notes,One Composer engine commit; tested undo/redo where applicable,Score mutation triggers staff/page rerender,Must remain synchronized where semantic music changes,Persisted in .airscore; MusicXML verified where applicable,Uses authoritative score events; no parallel UI-only model,Active-part operation or shared score; linked-part proof incomplete,Serialized to .airscore and MusicXML where supported,Context-gated; recoverable musical errors leave score unchanged,engine-method references in tests: 2,No complete manual staff-workflow proof in current environment,PARTIALLY FUNCTIONAL,HIDDEN,43,"Build 43 connects this control to the authoritative score model with undo, persistence, staff rendering and automated regression evidence; Windows/manual usability evidence remains required.",PARTIALLY FUNCTIONAL,HIDDEN,selection,engine-method references in tests: 2,No new human Windows verification in Build 42,VERIFIED FUNCTIONAL,VISIBLE,selected-note,test/v123-build43-rhythmic-notation.test.js; existing notation tests,Browser-rendered validation only; no human Windows verification,VERIFIED FUNCTIONAL,VISIBLE WHEN CONTEXT SATISFIED,execute('tenuto'),test/build50-functional-release-candidate.test.js; validation/browser-smoke.json; scripts/build50-control-audit.js,"Source, engine mutation, context gating and browser control wiring verified; hardware/manual boundary recorded separately",VERIFIED FUNCTIONAL,VISIBLE WHEN CONTEXT SATISFIED,execute('tenuto'),test/build60-*.test.js; validation/browser-smoke.json; scripts/release-control-audit.js,"Source, semantic mutation, context gating and browser control wiring verified; external hardware evidence is recorded separately"
data-command:tie,Tie,tie,,notation,TIES SLURS AND SPANNERS,two-notes,Always enabled in markup; no central command-context contract,None,engine.addTie(),Creates one semantic tie between adjacent notes of equal pitch in one lane,One Composer engine commit; tested undo/redo where applicable,Score mutation triggers staff/page rerender,Must remain synchronized where semantic music changes,Persisted in .airscore; MusicXML verified where applicable,Uses authoritative score events; no parallel UI-only model,Active-part operation or shared score; linked-part proof incomplete,Serialized to .airscore and MusicXML where supported,Context-gated; recoverable musical errors leave score unchanged,engine-method references in tests: 1,No complete manual staff-workflow proof in current environment,PARTIALLY FUNCTIONAL,HIDDEN,43,"Build 43 connects this control to the authoritative score model with undo, persistence, staff rendering and automated regression evidence; Windows/manual usability evidence remains required.",PARTIALLY FUNCTIONAL,HIDDEN,selection; two-notes,engine-method references in tests: 1,No new human Windows verification in Build 42,VERIFIED FUNCTIONAL,VISIBLE,two-notes,test/v123-build43-rhythmic-notation.test.js,Browser-rendered validation only; no human Windows verification,VERIFIED FUNCTIONAL,VISIBLE WHEN CONTEXT SATISFIED,execute('tie'),test/build50-functional-release-candidate.test.js; validation/browser-smoke.json; scripts/build50-control-audit.js,"Source, engine mutation, context gating and browser control wiring verified; hardware/manual boundary recorded separately",VERIFIED FUNCTIONAL,VISIBLE WHEN CONTEXT SATISFIED,execute('tie'),test/build60-*.test.js; validation/browser-smoke.json; scripts/release-control-audit.js,"Source, semantic mutation, context gating and browser control wiring verified; external hardware evidence is recorded separately"
data-command:togglePianoPanel,Show piano,togglePianoPanel,,view,ACCESSIBILITY AND VIEW,score,Always enabled in markup; no central command-context contract,None,setPianoOpen; pianoSettings,No score mutation; genuine workspace/view operation,Not applicable or transport/view only,Engine change triggers full render; direct viewport commands reflow page service,Must remain synchronized where semantic music changes,Not applicable,Indirect through authoritative score where applicable,Not applicable or covered by existing engine path,Must serialize semantic result,Status/error banner; context-sensitive disabling absent in Build 40,browser-smoke command,No complete manual staff-workflow proof in current environment,VERIFIED FUNCTIONAL,VISIBLE,41,Direct renderer or engine path has automated evidence; final Windows/manual usability evidence is still required.,VERIFIED FUNCTIONAL,VISIBLE,score,browser-smoke command,No new human Windows verification in Build 42,VERIFIED FUNCTIONAL,VISIBLE,score,browser-smoke command,Browser-rendered validation only; no human Windows verification,VERIFIED FUNCTIONAL,VISIBLE WHEN CONTEXT SATISFIED,execute('togglePianoPanel'),test/build50-functional-release-candidate.test.js; validation/browser-smoke.json; scripts/build50-control-audit.js,"Source, engine mutation, context gating and browser control wiring verified; hardware/manual boundary recorded separately",VERIFIED FUNCTIONAL,VISIBLE WHEN CONTEXT SATISFIED,execute('togglePianoPanel'),test/build60-*.test.js; validation/browser-smoke.json; scripts/release-control-audit.js,"Source, semantic mutation, context gating and browser control wiring verified; external hardware evidence is recorded separately"
data-command:trill,Trill,trill,,notation,ARTICULATIONS AND EXPRESSION,selected-note,Always enabled in markup; no central command-context contract,None,"engine.setOrnament('trill', true)",Adds a persistent trill ornament to selected notes,One Composer engine commit; tested undo/redo where applicable,Score mutation triggers staff/page rerender,Must remain synchronized where semantic music changes,Persisted in .airscore; MusicXML verified where applicable,Uses authoritative score events; no parallel UI-only model,Active-part operation or shared score; linked-part proof incomplete,Serialized to .airscore and MusicXML where supported,Context-gated; recoverable musical errors leave score unchanged,browser-smoke command; engine-method references in tests: 4,No complete manual staff-workflow proof in current environment,PARTIALLY FUNCTIONAL,HIDDEN,43,"Build 43 connects this control to the authoritative score model with undo, persistence, staff rendering and automated regression evidence; Windows/manual usability evidence remains required.",PARTIALLY FUNCTIONAL,HIDDEN,selection,browser-smoke command; engine-method references in tests: 4,No new human Windows verification in Build 42,VERIFIED FUNCTIONAL,VISIBLE,selected-note,existing notation tests; browser smoke,Browser-rendered validation only; no human Windows verification,VERIFIED FUNCTIONAL,VISIBLE WHEN CONTEXT SATISFIED,execute('trill'),test/build50-functional-release-candidate.test.js; validation/browser-smoke.json; scripts/build50-control-audit.js,"Source, engine mutation, context gating and browser control wiring verified; hardware/manual boundary recorded separately",VERIFIED FUNCTIONAL,VISIBLE WHEN CONTEXT SATISFIED,execute('trill'),test/build60-*.test.js; validation/browser-smoke.json; scripts/release-control-audit.js,"Source, semantic mutation, context gating and browser control wiring verified; external hardware evidence is recorded separately"
data-command:tripletSelected,Triplet,tripletSelected,,notation,NOTE ENTRY,selection,Always enabled in markup; no central command-context contract,None,"engine.setTuplet(3, 2)",Retimes exactly three selected rhythmic positions into one semantic 3:2 tuplet; chord tones share an onset,One Composer engine commit; tested undo/redo where applicable,Score mutation triggers staff/page rerender,Must remain synchronized where semantic music changes,Persisted in .airscore; MusicXML verified where applicable,Uses authoritative score events; no parallel UI-only model,Active-part operation or shared score; linked-part proof incomplete,Serialized to .airscore and MusicXML where supported,Context-gated; recoverable musical errors leave score unchanged,engine-method references in tests: 1,User recording confirms failure,BROKEN,HIDDEN,43,"Build 43 connects this control to the authoritative score model with undo, persistence, staff rendering and automated regression evidence; Windows/manual usability evidence remains required.",BROKEN,HIDDEN,selection,engine-method references in tests: 1,No new human Windows verification in Build 42,VERIFIED FUNCTIONAL,VISIBLE,selection,test/v123-build43-rhythmic-notation.test.js,Browser-rendered validation only; no human Windows verification,VERIFIED FUNCTIONAL,VISIBLE WHEN CONTEXT SATISFIED,execute('tripletSelected'),test/build50-functional-release-candidate.test.js; validation/browser-smoke.json; scripts/build50-control-audit.js,"Source, engine mutation, context gating and browser control wiring verified; hardware/manual boundary recorded separately",VERIFIED FUNCTIONAL,VISIBLE WHEN CONTEXT SATISFIED,execute('tripletSelected'),test/build60-*.test.js; validation/browser-smoke.json; scripts/release-control-audit.js,"Source, semantic mutation, context gating and browser control wiring verified; external hardware evidence is recorded separately"
data-command:turn,Turn,turn,,notation,ARTICULATIONS AND EXPRESSION,selected-note,Always enabled in markup; no central command-context contract,None,"engine.setOrnament('turn', true)",Adds a persistent turn ornament to selected notes,One Composer engine commit; tested undo/redo where applicable,Score mutation triggers staff/page rerender,Must remain synchronized where semantic music changes,Persisted in .airscore; MusicXML verified where applicable,Uses authoritative score events; no parallel UI-only model,Active-part operation or shared score; linked-part proof incomplete,Serialized to .airscore and MusicXML where supported,Context-gated; recoverable musical errors leave score unchanged,engine-method references in tests: 4,No complete manual staff-workflow proof in current environment,PARTIALLY FUNCTIONAL,HIDDEN,43,"Build 43 connects this control to the authoritative score model with undo, persistence, staff rendering and automated regression evidence; Windows/manual usability evidence remains required.",PARTIALLY FUNCTIONAL,HIDDEN,selection,engine-method references in tests: 4,No new human Windows verification in Build 42,VERIFIED FUNCTIONAL,VISIBLE,selected-note,existing notation tests; browser smoke,Browser-rendered validation only; no human Windows verification,VERIFIED FUNCTIONAL,VISIBLE WHEN CONTEXT SATISFIED,execute('turn'),test/build50-functional-release-candidate.test.js; validation/browser-smoke.json; scripts/build50-control-audit.js,"Source, engine mutation, context gating and browser control wiring verified; hardware/manual boundary recorded separately",VERIFIED FUNCTIONAL,VISIBLE WHEN CONTEXT SATISFIED,execute('turn'),test/build60-*.test.js; validation/browser-smoke.json; scripts/release-control-audit.js,"Source, semantic mutation, context gating and browser control wiring verified; external hardware evidence is recorded separately"
data-command:undo,Undo,undo,Ctrl+Z,compose,SELECTION AND CLIPBOARD,undo-history,Always enabled in markup; no central command-context contract,None,engine.undo,Restore previous semantic snapshot,Expected through engine commit/history; command-level proof required,Engine change triggers full render; direct viewport commands reflow page service,Must remain synchronized where semantic music changes,Expected through authoritative score serialization; command-level round-trip proof required,Indirect through authoritative score where applicable,Not applicable or covered by existing engine path,Must serialize semantic result,Status/error banner; context-sensitive disabling absent in Build 40,engine-method references in tests: 27,No complete manual staff-workflow proof in current environment,VERIFIED FUNCTIONAL,VISIBLE,41,Direct renderer or engine path has automated evidence; final Windows/manual usability evidence is still required.,VERIFIED FUNCTIONAL,VISIBLE,undo-history,engine-method references in tests: 27,No new human Windows verification in Build 42,VERIFIED FUNCTIONAL,VISIBLE,undo-history,engine-method references in tests: 27,Browser-rendered validation only; no human Windows verification,VERIFIED FUNCTIONAL,VISIBLE WHEN CONTEXT SATISFIED,execute('undo'),test/build50-functional-release-candidate.test.js; validation/browser-smoke.json; scripts/build50-control-audit.js,"Source, engine mutation, context gating and browser control wiring verified; hardware/manual boundary recorded separately",VERIFIED FUNCTIONAL,VISIBLE WHEN CONTEXT SATISFIED,execute('undo'),test/build60-*.test.js; validation/browser-smoke.json; scripts/release-control-audit.js,"Source, semantic mutation, context gating and browser control wiring verified; external hardware evidence is recorded separately"
data-command:verifySolfa,Verify synchronization,verifySolfa,,view,TONIC SOLFA,score,Always enabled in markup; no central command-context contract,solfaStatus,engine.verifySolfa,Engine operation: verifySolfa,Not applicable or transport/view only,Engine change triggers full render; direct viewport commands reflow page service,Must remain synchronized where semantic music changes,Expected through authoritative score serialization; command-level round-trip proof required,Direct Staff/Sol-fa shared-score path,Not applicable or covered by existing engine path,Must serialize semantic result,Status/error banner; context-sensitive disabling absent in Build 40,browser-smoke command; engine-method references in tests: 6,No complete manual staff-workflow proof in current environment,VERIFIED FUNCTIONAL,VISIBLE,41,Direct renderer or engine path has automated evidence; final Windows/manual usability evidence is still required.,VERIFIED FUNCTIONAL,VISIBLE,score,browser-smoke command; engine-method references in tests: 6,No new human Windows verification in Build 42,VERIFIED FUNCTIONAL,VISIBLE,score,browser-smoke command; engine-method references in tests: 6,Browser-rendered validation only; no human Windows verification,VERIFIED FUNCTIONAL,VISIBLE WHEN CONTEXT SATISFIED,execute('verifySolfa'),test/build50-functional-release-candidate.test.js; validation/browser-smoke.json; scripts/build50-control-audit.js,"Source, engine mutation, context gating and browser control wiring verified; hardware/manual boundary recorded separately",VERIFIED FUNCTIONAL,VISIBLE WHEN CONTEXT SATISFIED,execute('verifySolfa'),test/build60-*.test.js; validation/browser-smoke.json; scripts/release-control-audit.js,"Source, semantic mutation, context gating and browser control wiring verified; external hardware evidence is recorded separately"
data-command:zoomIn,+,zoomIn,,view,LAYOUT AND PAGES,score,Always enabled in markup; no central command-context contract,None,applyZoom,No score mutation; genuine workspace/view operation,Not applicable or transport/view only,Engine change triggers full render; direct viewport commands reflow page service,Must remain synchronized where semantic music changes,Not applicable,Indirect through authoritative score where applicable,Not applicable or covered by existing engine path,None,Status/error banner; context-sensitive disabling absent in Build 40,static wiring only,No complete manual staff-workflow proof in current environment,VERIFIED FUNCTIONAL,VISIBLE,41,Direct renderer or engine path has automated evidence; final Windows/manual usability evidence is still required.,VERIFIED FUNCTIONAL,VISIBLE,score,static wiring only,No new human Windows verification in Build 42,VERIFIED FUNCTIONAL,VISIBLE,score,static wiring only,Browser-rendered validation only; no human Windows verification,VERIFIED FUNCTIONAL,VISIBLE WHEN CONTEXT SATISFIED,execute('zoomIn'),test/build50-functional-release-candidate.test.js; validation/browser-smoke.json; scripts/build50-control-audit.js,"Source, engine mutation, context gating and browser control wiring verified; hardware/manual boundary recorded separately",VERIFIED FUNCTIONAL,VISIBLE WHEN CONTEXT SATISFIED,execute('zoomIn'),test/build60-*.test.js; validation/browser-smoke.json; scripts/release-control-audit.js,"Source, semantic mutation, context gating and browser control wiring verified; external hardware evidence is recorded separately"
data-command:zoomOut,−,zoomOut,,view,LAYOUT AND PAGES,score,Always enabled in markup; no central command-context contract,None,applyZoom,No score mutation; genuine workspace/view operation,Not applicable or transport/view only,Engine change triggers full render; direct viewport commands reflow page service,Must remain synchronized where semantic music changes,Not applicable,Indirect through authoritative score where applicable,Not applicable or covered by existing engine path,None,Status/error banner; context-sensitive disabling absent in Build 40,static wiring only,No complete manual staff-workflow proof in current environment,VERIFIED FUNCTIONAL,VISIBLE,41,Direct renderer or engine path has automated evidence; final Windows/manual usability evidence is still required.,VERIFIED FUNCTIONAL,VISIBLE,score,static wiring only,No new human Windows verification in Build 42,VERIFIED FUNCTIONAL,VISIBLE,score,static wiring only,Browser-rendered validation only; no human Windows verification,VERIFIED FUNCTIONAL,VISIBLE WHEN CONTEXT SATISFIED,execute('zoomOut'),test/build50-functional-release-candidate.test.js; validation/browser-smoke.json; scripts/build50-control-audit.js,"Source, engine mutation, context gating and browser control wiring verified; hardware/manual boundary recorded separately",VERIFIED FUNCTIONAL,VISIBLE WHEN CONTEXT SATISFIED,execute('zoomOut'),test/build60-*.test.js; validation/browser-smoke.json; scripts/release-control-audit.js,"Source, semantic mutation, context gating and browser control wiring verified; external hardware evidence is recorded separately"
data-command:zoomReset,100%,zoomReset,,view,LAYOUT AND PAGES,score,Always enabled in markup; no central command-context contract,None,applyZoom,No score mutation; genuine workspace/view operation,Not applicable or transport/view only,Engine change triggers full render; direct viewport commands reflow page service,Must remain synchronized where semantic music changes,Not applicable,Indirect through authoritative score where applicable,Not applicable or covered by existing engine path,None,Status/error banner; context-sensitive disabling absent in Build 40,static wiring only,No complete manual staff-workflow proof in current environment,VERIFIED FUNCTIONAL,VISIBLE,41,Direct renderer or engine path has automated evidence; final Windows/manual usability evidence is still required.,VERIFIED FUNCTIONAL,VISIBLE,score,static wiring only,No new human Windows verification in Build 42,VERIFIED FUNCTIONAL,VISIBLE,score,static wiring only,Browser-rendered validation only; no human Windows verification,VERIFIED FUNCTIONAL,VISIBLE WHEN CONTEXT SATISFIED,execute('zoomReset'),test/build50-functional-release-candidate.test.js; validation/browser-smoke.json; scripts/build50-control-audit.js,"Source, engine mutation, context gating and browser control wiring verified; hardware/manual boundary recorded separately",VERIFIED FUNCTIONAL,VISIBLE WHEN CONTEXT SATISFIED,execute('zoomReset'),test/build60-*.test.js; validation/browser-smoke.json; scripts/release-control-audit.js,"Source, semantic mutation, context gating and browser control wiring verified; external hardware evidence is recorded separately"
data-command:fitSelection,Fit selection,fitSelection,,view,LAYOUT AND PAGES,selection,Always enabled in markup; no central command-context contract,None,fitTargetZoom,No score mutation; genuine workspace/view operation,Not applicable or transport/view only,Engine change triggers full render; direct viewport commands reflow page service,Must remain synchronized where semantic music changes,Not applicable,Indirect through authoritative score where applicable,Not applicable or covered by existing engine path,None,Status/error banner; context-sensitive disabling absent in Build 40,static wiring only,No complete manual staff-workflow proof in current environment,VERIFIED FUNCTIONAL,VISIBLE,51,Build 51 implements Fit selection through the professional workspace and viewport services.,VERIFIED FUNCTIONAL,VISIBLE,score,static wiring only,No new human Windows verification in Build 42,VERIFIED FUNCTIONAL,VISIBLE,score,static wiring only,Browser-rendered validation only; no human Windows verification,VERIFIED FUNCTIONAL,VISIBLE WHEN CONTEXT SATISFIED,execute('fitSelection'),test/build51-professional-workspace.test.js; validation/browser-smoke.json; scripts/release-control-audit.js,"Build 51 source, viewport calculation, browser command wiring and regression evidence",VERIFIED FUNCTIONAL,VISIBLE WHEN CONTEXT SATISFIED,execute('fitSelection'),test/build60-*.test.js; validation/browser-smoke.json; scripts/release-control-audit.js,"Source, semantic mutation, context gating and browser control wiring verified; external hardware evidence is recorded separately"
data-command:fitSystem,Fit system,fitSystem,,view,LAYOUT AND PAGES,score,Always enabled in markup; no central command-context contract,None,fitTargetZoom,No score mutation; genuine workspace/view operation,Not applicable or transport/view only,Engine change triggers full render; direct viewport commands reflow page service,Must remain synchronized where semantic music changes,Not applicable,Indirect through authoritative score where applicable,Not applicable or covered by existing engine path,None,Status/error banner; context-sensitive disabling absent in Build 40,static wiring only,No complete manual staff-workflow proof in current environment,VERIFIED FUNCTIONAL,VISIBLE,51,Build 51 implements Fit system through the professional workspace and viewport services.,VERIFIED FUNCTIONAL,VISIBLE,score,static wiring only,No new human Windows verification in Build 42,VERIFIED FUNCTIONAL,VISIBLE,score,static wiring only,Browser-rendered validation only; no human Windows verification,VERIFIED FUNCTIONAL,VISIBLE WHEN CONTEXT SATISFIED,execute('fitSystem'),test/build51-professional-workspace.test.js; validation/browser-smoke.json; scripts/release-control-audit.js,"Build 51 source, viewport calculation, browser command wiring and regression evidence",VERIFIED FUNCTIONAL,VISIBLE WHEN CONTEXT SATISFIED,execute('fitSystem'),test/build60-*.test.js; validation/browser-smoke.json; scripts/release-control-audit.js,"Source, semantic mutation, context gating and browser control wiring verified; external hardware evidence is recorded separately"
data-command:zoom125,125%,zoom125,,view,LAYOUT AND PAGES,score,Always enabled in markup; no central command-context contract,None,applyZoom,No score mutation; genuine workspace/view operation,Not applicable or transport/view only,Engine change triggers full render; direct viewport commands reflow page service,Must remain synchronized where semantic music changes,Not applicable,Indirect through authoritative score where applicable,Not applicable or covered by existing engine path,None,Status/error banner; context-sensitive disabling absent in Build 40,static wiring only,No complete manual staff-workflow proof in current environment,VERIFIED FUNCTIONAL,VISIBLE,51,Build 51 implements 125% through the professional workspace and viewport services.,VERIFIED FUNCTIONAL,VISIBLE,score,static wiring only,No new human Windows verification in Build 42,VERIFIED FUNCTIONAL,VISIBLE,score,static wiring only,Browser-rendered validation only; no human Windows verification,VERIFIED FUNCTIONAL,VISIBLE WHEN CONTEXT SATISFIED,execute('zoom125'),test/build51-professional-workspace.test.js; validation/browser-smoke.json; scripts/release-control-audit.js,"Build 51 source, viewport calculation, browser command wiring and regression evidence",VERIFIED FUNCTIONAL,VISIBLE WHEN CONTEXT SATISFIED,execute('zoom125'),test/build60-*.test.js; validation/browser-smoke.json; scripts/release-control-audit.js,"Source, semantic mutation, context gating and browser control wiring verified; external hardware evidence is recorded separately"
data-command:zoom150,150%,zoom150,,view,LAYOUT AND PAGES,score,Always enabled in markup; no central command-context contract,None,applyZoom,No score mutation; genuine workspace/view operation,Not applicable or transport/view only,Engine change triggers full render; direct viewport commands reflow page service,Must remain synchronized where semantic music changes,Not applicable,Indirect through authoritative score where applicable,Not applicable or covered by existing engine path,None,Status/error banner; context-sensitive disabling absent in Build 40,static wiring only,No complete manual staff-workflow proof in current environment,VERIFIED FUNCTIONAL,VISIBLE,51,Build 51 implements 150% through the professional workspace and viewport services.,VERIFIED FUNCTIONAL,VISIBLE,score,static wiring only,No new human Windows verification in Build 42,VERIFIED FUNCTIONAL,VISIBLE,score,static wiring only,Browser-rendered validation only; no human Windows verification,VERIFIED FUNCTIONAL,VISIBLE WHEN CONTEXT SATISFIED,execute('zoom150'),test/build51-professional-workspace.test.js; validation/browser-smoke.json; scripts/release-control-audit.js,"Build 51 source, viewport calculation, browser command wiring and regression evidence",VERIFIED FUNCTIONAL,VISIBLE WHEN CONTEXT SATISFIED,execute('zoom150'),test/build60-*.test.js; validation/browser-smoke.json; scripts/release-control-audit.js,"Source, semantic mutation, context gating and browser control wiring verified; external hardware evidence is recorded separately"
